Wavelength_nm,Fit_0.9314_WL_1450.0nm_BW_5nm,Fit_0.8906_WL_1460.0nm_BW_5nm,Fit_0.8826_WL_1470.0nm_BW_5nm,Fit_0.8482_WL_1480.0nm_BW_20nm,Fit_0.8893_WL_1490.0nm_BW_10nm,Fit_0.9327_WL_1500.0nm_BW_5nm,Fit_0.9066_WL_1510.0nm_BW_10nm,Fit_0.8078_WL_1520.0nm_BW_10nm,Fit_0.9432_WL_1530.0nm_BW_5nm,Fit_0.8368_WL_1540.0nm_BW_10nm,Fit_0.9001_WL_1540.0nm_BW_10nm,Fit_0.7750_WL_1550.0nm_BW_20nm
1400.0,0.00043552919459991706,0.016042197075554473,0.0013038116770159986,0.006520155807264864,0.01399032355311037,8.402724375650688e-05,0.0013150583903505481,0.0069553991473576895,0.0024583921620751326,0.001058310844449446,0.00129787956372208,0.012573589087056617
1400.3999999999999,0.0026245787660751307,0.015929743512608213,0.001174709413540088,0.003944221350443812,0.014031493115302468,1.031779227778276e-05,0.005321611899433146,0.06107603756896363,0.0020483255480580713,0.0013141986287295115,0.0017595360442395405,0.012516461251673567
1400.8,0.0018952508585980477,0.01591326563400906,0.00121890638703533,0.0019415961826500265,0.014116039298385473,3.030837117046894e-05,0.0032233100019362034,0.042124680902274995,0.0001071657118626084,0.0016340106359331167,0.002045424592097954,0.012490872547036055
1401.2,7.361783913654352e-06,0.015881629604370423,0.0012435508345066048,0.0007402036398811234,0.01447575632387425,8.3490747446082e-05,0.0014485219659237543,0.012375624152468498,0.0028111359221631507,0.0018804316223655425,0.0013201453639489075,0.012527136724883365
1401.6,0.0016841763206350067,0.01576918404716336,0.0011145793461462782,0.000484354270165108,0.014482775308830255,2.0855017240758106e-05,0.005520978368204485,0.07491176723153724,0.0016271015689798528,0.0019472299339888103,0.001752574474108661,0.012451180069104683
1401.9999999999998,0.0029758165194856715,0.01577423062376419,0.001160056267794655,0.0012163156057963794,0.014634893270813359,1.622511188262309e-05,0.003056774474370509,0.012473081882531893,0.00030661634138534985,0.0018058710166215046,0.0020928863262221703,0.012449213130393367
1402.3999999999999,0.0007444326591611892,0.015756342970434323,0.0011825797584843378,0.002871973831209836,0.01498067902973345,7.780137336836069e-05,0.001583625606210563,0.04813363720192116,0.003051638472015211,0.0015191498009383033,0.0013484388646630206,0.012475103828016212
1402.8,0.0004568000570905873,0.01564091621016055,0.0010538537906617201,0.005290771455115824,0.014968194851236395,3.271417467883255e-05,0.005695297610317606,0.05363785397145709,0.0012193201112288984,0.0012151711240387928,0.001737998072961141,0.012386215259217665
1403.2,0.0029843424221505867,0.01566543018498701,0.0010995279850456686,0.008237072799205365,0.015188938933134223,6.5832801748901e-06,0.0029253854096877793,0.005772700773925089,0.0005966608209446619,0.0010316332464751043,0.0021436878612374768,0.012410003013643865
1403.6,0.00227599099598486,0.01566603848026941,0.0011209672243561,0.011428272382214095,0.01550772290711755,6.78055573968087e-05,0.001710974064723273,0.07417156189942156,0.0031797745054197206,0.00105460008948843,0.001384489353906061,0.01241690939837972
1404.0,2.891077957275116e-05,0.015544128907240114,0.0009925794868618802,0.01456473476577011,0.015492490890487088,4.3877577243868956e-05,0.005851568971866134,0.022877196344461496,0.0008556843353559729,0.0012798096323684744,0.0017156113544809562,0.012323261319735766
1404.3999999999999,0.001835269605194676,0.015584257846154756,0.0010374030125086123,0.017357735041799438,0.015778223549709442,2.093689712635493e-06,0.0028308392388007647,0.030680787619190873,0.0009429737607113874,0.0016142669165775672,0.0021960954859620145,0.012371631283060926
1404.8,0.0034840178858887507,0.015610532925452883,0.0010587720836615618,0.019553238450747516,0.016060537716924117,5.50315855689116e-05,0.0018229831408054617,0.06583827907598476,0.003206004543727109,0.0019167630021742115,0.0014302553078287283,0.012352655387778381
1405.1999999999998,0.0009988863134967765,0.015479077450306153,0.0009308360403757193,0.02095089160283212,0.01606009382498691,5.254307247465412e-05,0.005995897096108195,0.004986122796217816,0.0005556908677775421,0.0020588418918054126,0.0016855855954989736,0.012263615078504991
1405.6,0.0004344088028234574,0.015527943526114727,0.0009737840946102846,0.02141853481866321,0.016403047846052177,2.6164584133856974e-06,0.00277421894007379,0.06467980164391617,0.0013144807480173317,0.0019802321557489543,0.002247802436620061,0.012332307392810299
1406.0,0.00336497694752086,0.015589327651806336,0.0009960461773076352,0.02090274464669393,0.01664372397768933,4.141821013486998e-05,0.0019136631165752528,0.038347640653980525,0.0031472599546960513,0.001715793570250453,0.0014877976530108768,0.012283034780265841
1406.4,0.0028261830356233458,0.015447434358499604,0.0008687365575872669,0.019435486644214812,0.016675083213787058,5.7476111226608886e-05,0.0061331135653686,0.01356492913489788,0.00032857094387184183,0.0013821080627102003,0.0016486500977870812,0.012208044971693283
1406.8,9.432549621920208e-05,0.015493761934347011,0.000908799439487545,0.017136166870164143,0.017064201614029117,7.18801879689912e-06,0.0027565544201528054,0.0740151090028403,0.001685806643634095,0.0011279869048577312,0.002295896716374112,0.012290302074167847
1407.1999999999998,0.0019260345711217815,0.015600937826615398,0.000932837467495526,0.014207580239839859,0.01726273981163399,2.8928304030111225e-05,0.001978406048234367,0.012970179715889669,0.003023403246749764,0.0010694647439114457,0.0015590915445493688,0.012209169066766262
1407.6,0.004114794747400299,0.015452512769325211,0.000806427510602352,0.010923887096363391,0.017341200213210846,5.8261314452669615e-05,0.006266502944049954,0.0444838864993586,0.00017516380069910282,0.0012383654262731688,0.0016063013372881454,0.012156757457958526
1408.0,0.0014224995853196953,0.015479684587609755,0.0008426085643637555,0.007609208281448573,0.017763184055789916,1.4242308285103683e-05,0.0027792516787853794,0.05664687040738104,0.0020382199602825683,0.0015679659146075014,0.0023368844862748047,0.012244138456595234
1408.3999999999999,0.0003683369168489838,0.01564203924892572,0.0008691936994541164,0.0046069352560310535,0.017923794357447134,1.9129849263620646e-05,0.002013831491000467,0.004562361391832653,0.002854512486515789,0.0019217527356573656,0.0016457681500885682,0.012132415042538997
1408.8,0.0037452143836759514,0.015499076557730121,0.0007440878277507266,0.0022422337616278057,0.018061911806208548,5.5371591258013614e-05,0.00639759123740838,0.07053116305571286,9.016314994041936e-05,0.0021518099741201346,0.0015610097301040416,0.012109445320373238
1409.2,0.0035937715630602403,0.015485619058791348,0.0007754096516626963,0.0007827859515549984,0.018502405026487458,2.1995907151675428e-05,0.0028443854195657928,0.030044886799025228,0.0023594929205032916,0.002161734508905015,0.002366796775072499,0.012192715250962416
1409.6,0.0002527328712030106,0.015706701178553262,0.0008051670270697003,0.0004045017647548467,0.018633738358541745,1.2855274523509517e-05,0.0020177290768060374,0.019984254813063148,0.0026590295739949126,0.0019482916767544249,0.0017487853272925543,0.012054176017346357
1409.9999999999998,0.0019297908259570179,0.015592336666427956,0.0006819272022836694,0.0011687746769427681,0.01884052356636196,5.000752491662179e-05,0.0065259675753329555,0.07139667620430658,6.432133753695209e-05,0.0016044449232781323,0.0015163929735922104,0.012065393061872716
1410.3999999999999,0.004871120031594603,0.015515187962499913,0.0007074481977717864,0.003015595058657515,0.019285365965479702,2.8911031341457307e-05,0.0029548498066202505,0.009495898287543368,0.0026430944190378182,0.0012811691495397141,0.0023814080388699383,0.012135359395638434
1410.8,0.0020933110907361214,0.015786270649989182,0.0007408201477525694,0.005773180834074356,0.019399961049158167,1.0051358576005052e-05,0.0019891236100022347,0.04988513400476133,0.00245268545193385,0.0011228915743337145,0.0018680381130123079,0.01197574284850108
1411.1999999999998,0.00027785380047833753,0.015735763814497847,0.0006201836551917938,0.009181126294213117,0.019680338180423126,4.372066193972411e-05,0.0066491251431044325,0.05256811103165536,8.63513932791298e-05,0.0012044706689715952,0.0014773133647123314,0.012023612038549495
1411.6,0.004087294518215707,0.015577584584878944,0.0006390266384964639,0.012921726614530818,0.020116821141651618,3.410591445850439e-05,0.003114357536890682,0.005148093072899799,0.0028870610318344884,0.0014981986819091074,0.0023765911640242143,0.012071817162992422
1412.0,0.004628149359512371,0.01587074174082853,0.0006762345830355856,0.016653705554572296,0.020230301214121005,9.895528483849547e-06,0.0019284775150071466,0.07118288449160712,0.0022480523239421426,0.001885453911415496,0.0020019369313877397,0.011898178995916261
1412.4,0.0005890845390944046,0.01592770043674102,0.0005591204889888401,0.020043770511719097,0.02058485822495009,3.790974743972529e-05,0.006762324210276958,0.028349333310562885,0.00014440420642163035,0.0022070281565502005,0.00144984622152169,0.0119829807104191
1412.7999999999997,0.001823086205694667,0.015688429706686838,0.0005705145192090083,0.022793407198138792,0.021002920827025953,3.756867814896507e-05,0.0033272708239876518,0.020635452716148143,0.0030927951331647468,0.002330062364158896,0.002348822679312929,0.01200219948116773
1413.1999999999998,0.005736400626597314,0.015952426328045173,0.0006115217995421297,0.024660224232640554,0.021132979649655416,1.1180483918120598e-05,0.0018380345280035154,0.07090000019448892,0.002054554607351503,0.0022041196249004834,0.0021470027642317767,0.011822253547525809
1413.6,0.0031136175058146765,0.0161575715121171,0.000499022937808835,0.02547438295890976,0.021558033494118757,3.334614811175502e-05,0.006858498114402447,0.009922351794895694,0.00022710086315623373,0.00188378187027158,0.0014410606725486718,0.011942371274887072
1414.0,0.00021757766027333337,0.015867989340233864,0.0005023586542647677,0.025150997664864116,0.021951338185012114,4.006467232555097e-05,0.00359824190396815,0.04763223937644317,0.0032639471345017883,0.0015075969076597568,0.0022958322420783273,0.011926899493664782
1414.3999999999999,0.004337941462984766,0.016032080385186647,0.0005468378730159633,0.023698955872484554,0.02211656055261252,1.2871938902242457e-05,0.0017222951971801212,0.054401970576188605,0.0018787803492984652,0.001240419199996943,0.002297552173859391,0.011748418331498282
1414.8,0.005971218127528819,0.0164036974165651,0.00044019506142766796,0.021225651206990298,0.022604555196930488,2.9914374247053017e-05,0.006928241773672223,0.004644644317034087,0.0003241655914694032,0.0012028275596385383,0.0014585567749846446,0.01190075097397364
1415.2,0.0012355868179060108,0.016135133104462105,0.00043509260934701126,0.017936015052764764,0.022971381138249064,4.271390906863021e-05,0.003931638118472062,0.06858466634491601,0.0034054641237266487,0.0014187677540812528,0.002217360713522427,0.011846499227136688
1415.6,0.0016014063626504393,0.01612606201891769,0.00048240233632418453,0.014123440596837856,0.023189950970894886,1.4652539989294998e-05,0.0015885967955077867,0.032656727087541484,0.0017249602965381445,0.0018048770364772306,0.0024455671395709586,0.01167682033271242
1415.9999999999998,0.006668072957701421,0.016635776497467662,0.0003829577463009015,0.010150225856602559,0.023730201198767058,2.6719577196576087e-05,0.006959940873339898,0.015525277740042758,0.0004267377575355456,0.0022055500717059456,0.0015097189145024412,0.011857253001903954
1416.3999999999999,0.004605977915365313,0.016496732172757142,0.0003693447721937213,0.006416437459663174,0.024074089515102922,4.634110785403428e-05,0.00433073061189074,0.07238330182944185,0.003522833302009891,0.0024577982526828757,0.0021159518273637253,0.01176167898228165
1416.8,0.0002991989539450227,0.01627080921268001,0.00041852170124549894,0.0033186710803554814,0.024362450727566574,1.7216671900835038e-05,0.0014477457685556218,0.01428208840803994,0.00159551320733536,0.002458873402244387,0.002580859240769028,0.01160733848497324
1417.2,0.004438021092881368,0.016824966879811595,0.00032764905467241775,0.0012034898432263387,0.024942237679245912,2.2606119211586955e-05,0.0069401167023980465,0.03808352494910035,0.0005274505821161751,0.002209775247773953,0.0016006791524783746,0.011811217249866923
1417.6,0.007646172126368738,0.01693523794302739,0.00030584429211046727,0.00032315031862343506,0.025272316812985137,5.0829345303378255e-05,0.004796639448347077,0.061184416923908524,0.0036215138717259807,0.001816861785746573,0.0019976567399262717,0.011673138924566308
1418.0,0.002380013563727583,0.016519044448069686,0.0003556178888906061,0.0008021660909716684,0.025643870541048913,2.21124848155432e-05,0.0013146188046084949,0.00500314501749657,0.0014915868713033919,0.0014492763118657806,0.0026916370953992937,0.0115396339349577
1418.3999999999999,0.0013056627311745707,0.01696188376698159,0.0002746285788288842,0.0026214846752296924,0.02624988246827387,1.6967140838331617e-05,0.006854074091541441,0.060480471458010776,0.0006203586540092112,0.0012682671412655828,0.0017350382434219332,0.011762204723185756
1418.8,0.007598621202062469,0.017401287515026873,0.0002454243156900573,0.0056229598280072846,0.026580795739018902,5.4784338078652566e-05,0.005327054521176486,0.04288253582194321,0.003706531557667077,0.0013583353357468004,0.0018724854466087805,0.0115815382664876
1419.1999999999998,0.006703648447446459,0.01692275794563005,0.0002942614416066094,0.009531943238048653,0.027044743665067927,3.105865368192969e-05,0.0012086095911134078,0.007980555915455932,0.0014135508217602256,0.001690770928969548,0.0027655615951479697,0.011473204339471082
1419.6,0.0007157265173348125,0.01707721201738369,0.00022428787083662638,0.013992088484321263,0.02766483308797847,1.0552948701447211e-05,0.006686944157900059,0.0717951645831577,0.0007007833253798227,0.0021354078622268105,0.0019124652674878673,0.011709991380192512
1420.0,0.004346763833831469,0.017820944761028242,0.00018902227819253016,0.018605063460419045,0.02801618859341456,5.5783840381632316e-05,0.0059147930375812036,0.024493265445281596,0.0037822015377955193,0.0025145376319376063,0.001754405296376146,0.011487453992479817
1420.4,0.009651286844938663,0.017503432543966867,0.00023520893636093623,0.022968823849832183,0.02857666624652664,4.487920620756196e-05,0.0011537554925686892,0.022596972322403805,0.0013614171097688485,0.002675793189641652,0.0027913176943363946,0.011407434970844538
1420.8,0.004267060029558973,0.017252628151916388,0.00017706937087628042,0.0267104887596021,0.02920185724282201,5.877808962930823e-06,0.006425204371162693,0.06947758214621241,0.0007651298966639484,0.0025548574004282017,0.0021273820586178572,0.011654547652444646
1421.1999999999998,0.001058955071114848,0.018124819680334532,0.00013767757648433648,0.029512482717466686,0.029597129618127143,5.1315252334796036e-05,0.0065463106687545704,0.010812452775461659,0.003851944543603736,0.002203444865699704,0.0016606799156123654,0.011391358556690146
1421.6,0.008454665353879686,0.018220342259964183,0.00017944352000620782,0.031132558870112313,0.030252813103067627,6.243869843126496e-05,0.0011783387538645222,0.04323714289660635,0.001335179449128814,0.001770402124375967,0.0027606400305659486,0.011341641813388181
1422.0,0.009541717954559138,0.017606069862389214,0.00013349647771421466,0.031419189657453335,0.03087943437441293,6.85533606487313e-06,0.006058729275983446,0.057608588717229375,0.0008107162556628295,0.0014415401963431677,0.002368021063012625,0.011596009402785766
1422.3999999999999,0.0017613203740847077,0.018295782423574897,9.252778540343432e-05,0.030323610725014716,0.03134427973830017,4.0216287659178564e-05,0.007200351556260043,0.004892480916716903,0.003918164432888559,0.001362010358310729,0.00161037953994158,0.011293614415872438
1422.8,0.004085580804772394,0.018958659981060114,0.00012821702036077407,0.027908772804839596,0.03208868691041065,8.011852576665445e-05,0.0013137322996116631,0.061387061381805136,0.001335069138436819,0.001574659416871111,0.0026706047399359762,0.0112751040633536
1423.2,0.011975609487386314,0.01824187910235343,9.421741491927993e-05,0.024353954560628097,0.032720423902495424,1.7509511495650893e-05,0.00558336848805257,0.041720554612932184,0.000835640787740728,0.0020015377562343996,0.0026162022788883857,0.01153464495489281
1423.6,0.0071936658393403,0.01841462373106948,5.4805692506258813e-05,0.019952283762553705,0.03328043890073555,2.4114123502764025e-05,0.007846995018864156,0.00813681433148361,0.003982161667189948,0.0024759209326902128,0.0016219925074647194,0.011194482521474767
1423.9999999999998,0.0011065883085106614,0.019561211939123326,8.309177402936344e-05,0.01509750842126944,0.03410316599471734,9.233906683534939e-05,0.0015922678692193374,0.07073627596303597,0.0013617294866556386,0.002810230904197464,0.002525853608168464,0.01120708529490795
1424.3999999999999,0.00920980993874002,0.019177040039995163,6.006527598196532e-05,0.010256743012007775,0.034752720933296656,3.999510440758575e-05,0.00500395660320669,0.0261795905709167,0.0008387082335459651,0.0028719276362830968,0.0028481782148778137,0.011470821419199185
1424.8,0.013270519445323512,0.01866768394824403,2.584078281059024e-05,0.005928115914573988,0.03543080240946784,8.14382532619063e-06,0.008447422271843405,0.019740113274059754,0.004044064606091289,0.0026379553968793206,0.0017102363303587071,0.011094141783486177
1425.1999999999998,0.0038378505923255053,0.01991145487122427,4.598031203066662e-05,0.0025861959031913914,0.03631991223341074,9.333263917457444e-05,0.002043964955835689,0.0700977246470019,0.0014163102407916384,0.0022063749244602957,0.0023402740129150825,0.011136843964029627
1425.6,0.0038018512834162395,0.020283362588229988,3.213603903076604e-05,0.0006227351637799243,0.03700984992576372,7.260919415190078e-05,0.004337526327422266,0.013901409842677112,0.0008194253298514177,0.0017588624610675497,0.003036816712819694,0.011404972092701835
1426.0,0.014669843465386218,0.01928307295234835,7.070319921518032e-06,0.00029371053678271976,0.037823509334580646,2.638228827597758e-07,0.008954769131104427,0.036313718225062484,0.004102768687125463,0.0014870856575262203,0.0018823982950596208,0.010992716807781133
1426.4,0.011515299589336603,0.020039693070454615,1.9181546858517828e-05,0.0016839072198998567,0.03876917579963882,7.98428470652581e-05,0.0026920930521099687,0.061997894935459937,0.0015004809655484424,0.0015128869992295504,0.0021375577527703517,0.01106363492707281
1426.7999999999997,0.0018420723195058774,0.021301681191562564,1.1885441041101966e-05,0.004696610927332904,0.039531455390141,0.00010878653186494919,0.00361632047739591,0.00670923362840809,0.000778072712238758,0.0018368893816988192,0.0031552091123413675,0.011337565385172284
1427.1999999999998,0.009994805451490993,0.020396905231287267,6.670230670473591e-08,0.009069553229669876,0.0404907124537737,8.872389307937606e-06,0.009316432615107723,0.052834251466822864,0.004155882097383209,0.0023377642349639315,0.002134798863009974,0.010890311685597218
1427.6,0.01814324738669066,0.020185108065155066,5.4133079310262584e-06,0.01441174139279396,0.04148997576777893,5.382968650516922e-05,0.0035477587316768795,0.04995881415937297,0.0016163586286152176,0.0028214394108772405,0.0019500544949003814,0.010986704343088004
1428.0,0.007444162300134056,0.021963091773307637,1.2444906763595517e-06,0.020251784297407118,0.0423637026404775,0.00013801806929431655,0.0028899906532634917,0.005539848705285577,0.0007158546647877848,0.0030989262142943302,0.0031815021255805305,0.01126907461281421
1428.3999999999999,0.0038458958296035354,0.02191253846614189,6.589137882988518e-06,0.026087918311203183,0.043470486999126194,3.9141592872934676e-05,0.009478142391496042,0.06484288075370967,0.004199685367620656,0.0030619527548760117,0.0024502068656519324,0.010787048096100335
1428.8,0.018040276536898162,0.02073487949742236,7.843152736622608e-06,0.031432480379552014,0.04453253844618351,2.3859117073310722e-05,0.004604005514550107,0.036947338356257894,0.0017663409504801125,0.0027277124388764957,0.0018154760145742959,0.010905280821476696
1429.2,0.017714166235529218,0.022186543102830966,2.7522889168701437e-06,0.03584739349384903,0.04555974170559682,0.00014907349869190673,0.0022261603523557128,0.01038720593375489,0.0006351227705053646,0.0022347908890594896,0.0031043791968620536,0.01119994714754394
1429.6,0.0037891679290558526,0.023464346513879717,2.8668674306223608e-05,0.0389706880684371,0.046809952109361244,8.932099312860689e-05,0.009389975035143895,0.070217404922038,0.0042291213711982785,0.0017895725955712509,0.002797160282510256,0.010683106324393956
1429.9999999999998,0.011318592498508147,0.022013298207049933,3.012245438401877e-05,0.040536224075575625,0.047960755620210134,3.9300128584596224e-06,0.005830251326096874,0.025027415606900427,0.0019528345665336523,0.0015827018887561034,0.0017713387743926725,0.01081856607577254
1430.3999999999999,0.024792159407077262,0.02223903296702082,1.970405899688441e-05,0.040389366198129294,0.04918066122611408,0.000134914663561228,0.001708377941692398,0.020172706065215696,0.0005396622618146274,0.001710102966834442,0.002928217828596566,0.011130570839672851
1430.8,0.013152247967869169,0.024575597061194252,6.873607853120679e-05,0.03850059889565751,0.050569930619398205,0.00014883962492175503,0.009014263758774859,0.0692622906414157,0.004237841306585312,0.0021327873452931384,0.0031320694464099966,0.010578767885045585
1431.2,0.004865420093617902,0.024010308797408855,7.643285196929422e-05,0.034977309111629065,0.051854357604759344,9.21923995137239e-06,0.007168196060572559,0.01550831792879716,0.002177866993716477,0.0026923129171803452,0.0018475616466976565,0.010725728730364242
1431.6,0.023140481211180956,0.02270406493675308,5.6312335530484634e-05,0.030071628039394907,0.05329778843839349,9.758609241049596e-05,0.0014304858887420448,0.03283802043968948,0.00043501992691871017,0.003174114031773868,0.0026766161699192962,0.011061235368320592
1432.0,0.02662624924818372,0.024985210555263437,0.00012980191784615918,0.024179866809643884,0.054831215529463545,0.00019990914092063336,0.008335021620615089,0.06364102313434322,0.004218340927828493,0.003392310869615254,0.0034046302514175995,0.010474458192735498
1432.4,0.00749278829664806,0.026249522700561755,0.00015155915023692425,0.017827542004532345,0.05631066176200047,4.9551850868417486e-05,0.008530518103974507,0.009152343086228181,0.0024425751615916626,0.0032634663031787,0.002058304700267846,0.010625905338460775
1432.8,0.014619564806789297,0.024174962442346015,0.00011788070907531928,0.011634371516328805,0.0579976950921452,5.067343592476764e-05,0.0014867099694607065,0.04583932616834799,0.0003288391076577733,0.0028416846649820145,0.0023928397257001375,0.010992086258931345
1433.1999999999998,0.03495217824709881,0.02496219306856572,0.0002156975987186723,0.006256914293587174,0.05970197745909451,0.00022324539053525613,0.007368035095382591,0.05529514963020786,0.004162228696594921,0.002300372240148212,0.0035664351731755574,0.01037078708317169
1433.6,0.02151224628898988,0.02797977247560986,0.0002610084692578122,0.002312791276752475,0.061446463883744466,0.00012292625805183604,0.009803654423384486,0.006306055587740142,0.0027465722424061733,0.0018650480349562705,0.002394800092907056,0.010518213091353989
1434.0,0.008107236674440434,0.02679169606744697,0.0002109930051496116,0.00029800140605346206,0.06339153939094642,1.7143764800156648e-05,0.0019574401126825785,0.05689212919042847,0.0002311504629002019,0.0017223879442816773,0.002135928173845375,0.010923069808807079
1434.4,0.03315161000169567,0.025337271335312644,0.0003313855219133408,0.0005144156044767419,0.06532520630123106,0.00020665915502789857,0.006170190221681203,0.04586565032246525,0.004060672258817687,0.0019433860613238883,0.0035817996772566332,0.010268583938775168
1434.8,0.0398434966394117,0.028679817918073156,0.0004112016433839187,0.0030246392584372104,0.06740219868367392,0.00021240113920302677,0.010855671043100751,0.006955999043094908,0.0030872098999322815,0.002453742578909748,0.0028213633888913374,0.010401779051113232
1435.1999999999998,0.013291579218797298,0.029955716878382783,0.00034372691552662395,0.007644880174443505,0.06962980243897887,2.1811097113928158e-05,0.0028917679277223026,0.06456573100999338,0.00015454748488088292,0.003063319488832231,0.001971844954307809,0.01085386817501064
1435.6,0.024339118944055594,0.027076690713169052,0.0004833467858158218,0.013975662175574577,0.07188510969688959,0.0001533063058304563,0.004845897625777924,0.036537161119364704,0.0039050696595277607,0.0035410505230578215,0.003438869357338997,0.010168922740111044
1436.0,0.05308602003392755,0.028596030058600893,0.0006097694425789922,0.02146005075966179,0.07435273756905614,0.0002892541728598395,0.011549685397282242,0.010752297030269975,0.003458775571638841,0.00370506837205496,0.003276728248090103,0.010275790867463448
1436.3999999999999,0.032262602740819574,0.03255466171223569,0.0005259104158668293,0.02945379537315604,0.07692148382229552,8.013018715963473e-05,0.004289230658717211,0.06844043797460193,0.00011415530012921232,0.0034943745406114174,0.0019601903155840993,0.010783825517519633
1436.8,0.01789207615136336,0.030550813711625453,0.00068005742177117,0.03729271286307519,0.07961374294261749,8.531960163577721e-05,0.003547811745013555,0.02808315076013375,0.0036879842718537236,0.0029954399324444523,0.003158268468415733,0.010073130636941275
1437.2,0.05766159081235835,0.028877285688664642,0.000865993393446107,0.04434790152512625,0.08253055417948357,0.0003231497986061377,0.011762555376103668,0.017047541494748675,0.003851693762793459,0.0024118148380721316,0.003682124611941468,0.010139573612124834
1437.6,0.05864326890153862,0.03370605455209894,0.0007694521732081873,0.05006584252472514,0.08555424074898894,0.0001876808340381094,0.006084528628661062,0.06887591470040559,0.00012728395215408695,0.001985462966528533,0.0021385120971563133,0.010711868463034634
1438.0,0.023087708350108843,0.03502681014241641,0.0009325710462310416,0.05399558881424146,0.08880541211171229,3.925853629276669e-05,0.002468680534573431,0.020964024292804643,0.0034043641442106256,0.00189969306921029,0.0027961825920320496,0.009982771796047831
1438.3999999999999,0.058050407014777115,0.031003135840127812,0.0011914397711853236,0.05580796293192317,0.09226417972861811,0.0002966083708417155,0.011407661589818582,0.02498166712739863,0.004251834915511608,0.0022042427088883173,0.003956088551723102,0.00999269627242653
1438.8,0.08611827740770422,0.03359606907089548,0.0010887938416463603,0.055312036340954135,0.09591352378135522,0.00031613187257033807,0.008139705181241574,0.06663695594848142,0.00021264924214906556,0.0027945221298297353,0.0025077893763935702,0.01063642732867452
1439.1999999999998,0.04247224192650701,0.03892743883895966,0.0012552400051403783,0.05247266125763541,0.09985423493562112,5.2680696664731014e-05,0.0018215916892796189,0.015416356293893074,0.003053033520081731,0.0034526962808064513,0.0024391479122062767,0.009899596642546998
1439.6,0.06488183746395823,0.03569917447810942,0.001600847810619939,0.047429951198927976,0.10402668245086542,0.00021779403764792825,0.010459580874300827,0.033613093926569984,0.004640071764641621,0.003932335381175716,0.004034048203348972,0.009835109227234283
1440.0,0.11638553954257139,0.03376593141593218,0.0015015530446234983,0.04051771165152863,0.10851264966190446,0.000420212168729525,0.010247916301258498,0.06258011231168441,0.000389053544215183,0.004053349299591188,0.0030236669629361045,0.010555368492066671
1440.4,0.07231744205379317,0.040874731046932046,0.0016666328057037111,0.03227342175602516,0.11332866520073588,0.00014561309611987793,0.001807662247297773,0.011518581056882391,0.0026383928651916616,0.003772513806764514,0.0021892051195953476,0.009825445619101104
1440.7999999999997,0.0950517792082098,0.042130415732279755,0.002113353068344648,0.0234286187043129,0.1184875446917725,0.00012435574392324528,0.008977200880849122,0.04206590946910026,0.004992255759782103,0.0032035506301130883,0.0038886934526108923,0.009667310307807417
1441.1999999999998,0.16013621203768383,0.03638912261983893,0.0020294519343704194,0.014867538545312723,0.12406956713254275,0.00045583112042137466,0.012151314898105661,0.057471299212174,0.000673455361477168,0.002576841827044765,0.003597851663867824,0.010465952822095208
1441.6,0.11482586213339681,0.04089534622298301,0.0021907493850982646,0.00754619565133651,0.13007728962038567,0.0003050376012521933,0.002573665608539348,0.009236283092435004,0.0021721911547389443,0.002150893669421498,0.0021405316978317115,0.0097620968490344
1442.0,0.18636729178836223,0.04818279822958852,0.0027541600190289952,0.0023750912525366905,0.13659490287208986,7.31524865767794e-05,0.0071202834469987625,0.04964997263318975,0.005279807800889541,0.0021093179420793857,0.0035455746276546723,0.009490531518070028
1442.3999999999999,0.22658751996447168,0.04277777969871228,0.0026996601047381895,8.415982115363544e-05,0.1436652272126453,0.000403379060186484,0.013573084454752287,0.05191458851513149,0.0010784285337716846,0.002486346690106589,0.004112325289536968,0.010364839753805265
1442.8,0.27225589594716443,0.040914665681260995,0.0028587084620314363,0.0011015366211683517,0.15136169468748195,0.0004820061241210241,0.004166751494020438,0.008454173693449328,0.0016751407305079025,0.0031524198794796246,0.0023518609996971344,0.009711049341299152
1443.2,0.3916365119708906,0.05182654688295779,0.0035568327190773816,0.005479755383673651,0.15977078093667058,0.00011640831312093149,0.005152820543414745,0.055922770817516565,0.005471119422378213,0.003864533153022022,0.0030879105967907593,0.009306931034907717
1443.6000000000001,0.5373787437033128,0.05221177850419329,0.0035467286062536947,0.012890154225146408,0.1689782931356135,0.00028533075719101224,0.014260999634309227,0.04634701977931273,0.0016091245349537184,0.004359461019044184,0.00444576435273563,0.010248160634941326
1443.9999999999998,0.6440955276301291,0.04395592529741808,0.003711202655865339,0.022683702783277446,0.17910541329039345,0.0006073683862097162,0.006497698275511398,0.009000747726620573,0.0011780370407787428,0.004453957129265897,0.002822042823604783,0.0096732384155405
1444.3999999999999,0.7030721849077584,0.05267837254992553,0.004566459133611745,0.03399574772639632,0.19027555462926193,0.0002726517623714225,0.003425510559401114,0.06068823219430986,0.005533932920782095,0.004116019538828007,0.002645807175157111,0.009119765959884788
1444.8,0.7420553140759661,0.06220009517012939,0.004615368660808192,0.045863195945668817,0.20264908832828737,0.00016667167620123546,0.014037699737022076,0.04106262464835852,0.0022600002356651687,0.0034810943315644995,0.004507469329825055,0.010111687234501942
1445.2,0.771294124481366,0.05231848277580711,0.004802224836094089,0.057327272606329395,0.21640417622212968,0.000623464220917083,0.009325656453193837,0.010669282223550253,0.0007219394116244759,0.0028043247685004304,0.0034776399186996878,0.009648688581936111
1445.6,0.7949479964508911,0.0527140610530614,0.00584407328091099,0.06750766150732931,0.23175513407184115,0.0005070689831310594,0.0023308974098730337,0.06395035594690932,0.005438801352192279,0.0023632961973796204,0.002368393180559932,0.008933511212487897
1446.0,0.8150152199340621,0.07009584515307499,0.005964470287659708,0.07564705196820233,0.2489444024577615,0.00013214256022820472,0.012851187698444094,0.03624421971813774,0.003011742382316538,0.0023482598423905593,0.004270330012493072,0.009951120231280187
1446.4,0.8325839821616322,0.06608075963019087,0.006204934736684789,0.08113409381321815,0.26824337057278397,0.0005190678466236754,0.01227425779084545,0.013236679940862443,0.00035689535175161186,0.002785529934115069,0.004180153171645698,0.009636121640784196
1446.8,0.848302444065737,0.05555223802236314,0.007472889965426165,0.08351649707616238,0.2899333366546531,0.0007358466686524177,0.0022301359435176232,0.06584778512985047,0.005163610725784122,0.0035262518565652716,0.002382665705601539,0.00875388041108497
1447.1999999999998,0.8625826118426696,0.07486481184070165,0.007673055155604696,0.08251573354059678,0.314266902293849,0.00024526505124703905,0.010817282937423905,0.031993157405938284,0.0038289785721613945,0.004303639961755242,0.003792148092180841,0.009762516228216049
1447.6,0.8756990758957048,0.0833257552140034,0.008021186715739141,0.07805199231363272,0.34138652628160115,0.0003488954080438289,0.014881624016512445,0.016480162623651574,0.00013869667754436596,0.004834110933811867,0.0047557984542347855,0.009632554190896371
1448.0,0.8878410519469816,0.06462102523126804,0.009567088866179727,0.0702833290635753,0.3711884935652657,0.000859832161408354,0.0033607995350658053,0.0665908187639129,0.004698965350634276,0.004923964929859407,0.0027490173131557516,0.008587697856346012
1448.3999999999999,0.8991416358667703,0.07785218290897576,0.0098495675514342,0.05965596239868078,0.4031490118431656,0.0005067273886188051,0.008243115294725014,0.028353769905029278,0.004659472167037071,0.0045440466820543,0.003215135862590629,0.009542858434198498
1448.8,0.9096950313318483,0.1020311868494203,0.010397371792374911,0.046952844417026324,0.43621345826511665,0.00022164913465535076,0.016678130756687337,0.02019108744707357,0.00012329945364562194,0.003845330379379454,0.005043589010062028,0.009632938122003491
1449.2,0.9195669527524835,0.08153923582768752,0.012283987659500605,0.03331584927309524,0.46891881115201295,0.0008169581832040644,0.005748037155274992,0.06641247242004802,0.004053982546644672,0.0031063986532051547,0.0034281989021619436,0.008442569836736276
1449.6,0.9288008296231159,0.08216725112746277,0.012647730970507903,0.020207681829924287,0.49979741731998417,0.0008367517742204919,0.005617593800535389,0.025332242019204212,0.005435513736466148,0.002628377020578275,0.0027374691425953173,0.009290754070415302
1449.9999999999998,0.9374211075161262,0.12234375550332931,0.013550974262616406,0.009281939801822915,0.5278137276145187,0.0002532443691880222,0.01727947091295491,0.024185094125101152,0.00035887514373339827,0.0026168727166613103,0.004949944861951445,0.0096299179088509
1450.3999999999999,0.9454341050437272,0.10603707961766273,0.015840399838734236,0.0021534276801923567,0.5525286514901431,0.0006284156447579921,0.009149863393272678,0.06553645713243644,0.0032617118632989398,0.0030998053993113203,0.004274910687029974,0.008326311887585336
1450.8,0.952826094961473,0.09120192919963671,0.01629702201083022,0.00010588493956590337,0.5739782917200897,0.0010999725434723327,0.003553884518804651,0.022910730747199366,0.006078113482518594,0.003915518934312164,0.0025586589831640256,0.009007210324748523
1451.2,0.9595569420921184,0.14853624439885862,0.017813962879249978,0.0038208041826497514,0.5924590456603008,0.0005014529291950222,0.016480275346644258,0.028308157598747337,0.0008760062147909458,0.00477433230688262,0.004492734365982297,0.009613796075374872
1451.6,0.9655439965515611,0.13683808632744335,0.02053468944825089,0.013224667032323143,0.6083590995081211,0.0004095567881783042,0.013063654620612897,0.06415984785276098,0.002383006373626547,0.005367168988269078,0.005067310879122125,0.008246109663053105
1451.9999999999998,0.9706161915911939,0.10817498213890767,0.021168024714205157,0.027511997643460823,0.6220650567372252,0.0011707985977562326,0.002675607997992643,0.021057760184940495,0.006504356439115485,0.005480460751998577,0.002811097506769192,0.008696401812427106
1452.3999999999999,0.9743138285323018,0.1915497984087778,0.0236969002847091,0.04532697719664897,0.6339224294814431,0.000915852053299524,0.014333485784177157,0.03243864762865442,0.0016772416252442035,0.005077505785232803,0.00381672365250507,0.009572807940927349
1452.8,0.9733035232618117,0.16912510654801372,0.026784763339612126,0.06502480401763891,0.6442249537209696,0.0003280447448750979,0.016803232735092353,0.06244639735283014,0.0015072975232842281,0.004317330560622379,0.005570178462886915,0.00820742696348889
1453.1999999999998,0.04854890058629228,0.1455419986086624,0.027918491048766744,0.08492076111008529,0.653216646477647,0.001011409104050738,0.003457468213801441,0.019735806810952532,0.0066379114527814614,0.003500566791318617,0.003500008529181076,0.008366300474222235
1453.6,0.6287676224407349,0.26833293155502674,0.03196006118011404,0.10346609492038822,0.6610983523181135,0.001339500961566935,0.011199077708772754,0.03648595410842545,0.0027279336080420586,0.002957584094128777,0.0031673357367661705,0.009493802162208787
1454.0,0.2692706269241965,0.178939660425354,0.03524409196937774,0.11933538862572896,0.6680350885137092,0.0005176668157728265,0.019632458367948864,0.06052658810826867,0.0007485063211257053,0.002920218289636634,0.005615989239630061,0.008212725273023044
1454.4,0.4570739702304075,0.28584845794600183,0.03778834554188442,0.13144395007270113,0.6741627558588498,0.0007187135014344468,0.006059591554484761,0.018906798131572318,0.0064221948761332606,0.0034298094859797554,0.004477784058405492,0.008029001778327768
1454.8,0.024722968636690868,0.3226824190021924,0.043647984754372635,0.1389280083334527,0.6795937942665133,0.0015772570373801592,0.007740713337909685,0.04038649995790947,0.003950751829941989,0.004320006131592889,0.0028210609896674246,0.009363397296623532
1455.1999999999998,0.3179919988164367,0.3294015761145136,0.04725920466791608,0.14112101211532443,0.6844217749435019,0.000987328194005674,0.02092510291541677,0.05850143378666377,0.00023449864137095236,0.00527953687890894,0.0051778354218330325,0.008260121746228534
1455.6,0.22339946496682891,0.4346514570451472,0.052981699019654833,0.1375548822602576,0.6887250648435006,0.0005024465046557835,0.010217345484847673,0.01853606880912547,0.0058350710716072824,0.005967833457115152,0.005471608387679361,0.00770056070484057
1456.0,0.02778547788026538,0.6515894799862318,0.06025948026355595,0.12801094360207893,0.6925697301461639,0.0015068432644514166,0.004844656375145298,0.04409801585145006,0.005226272943010511,0.006140170049783638,0.002987665713214989,0.009169629786401887
1456.3999999999999,0.21962135038804312,0.8495830190125995,0.06625402976277635,0.11264094329657516,0.6960118336528459,0.001582496755169394,0.020318758042427876,0.05644805568688785,8.934324167517866e-05,0.0057395399341189065,0.004405049315374812,0.00834217978631863
1456.8,0.16413564984880175,0.9055338544567944,0.07660915431768124,0.09216709444548703,0.699099256165276,0.0005865748322262869,0.01524315777907277,0.01859517525770349,0.00490319104301305,0.004923386108322068,0.006165339282637654,0.007400161199534717
1457.2,0.01679230025497803,0.90444271194584,0.08589140061631854,0.06813818697995078,0.7018731461158132,0.001174930526879267,0.0034434867558761468,0.047592856946110554,0.00640144212808518,0.004011800893143876,0.003716608139091728,0.0089040213304684
1457.6000000000001,0.13366855804708017,0.8992128497239292,0.09924494641351075,0.04315293055169147,0.7043690791441586,0.002040663886173774,0.017837370575420685,0.054425876018717,0.0004093437485967585,0.0033704213426093235,0.003598852987482515,0.008445086804081714
1457.9999999999995,0.14923783511800504,0.8930314617672029,0.1143831513187415,0.02087046343191853,0.7066179909323266,0.001072313280678975,0.020157014317147316,0.01906385752127574,0.00371311058796125,0.0032700473941054487,0.006314120686392672,0.0071484966171013265
1458.3999999999999,0.02773272510395377,0.8865521341316611,0.13374765207079348,0.005580713160716124,0.7086469321551754,0.0008140213297861324,0.0042604316755284165,0.0508510077649016,0.007306568043739267,0.0037800336972958854,0.004848664023676504,0.008563875652628066
1458.8,0.059742281649891364,0.8799620628248558,0.1582097723684136,0.0012360506025174596,0.7104796832381043,0.0021314541915217347,0.013960600585147335,0.0524828195267764,0.0012362492778460066,0.004740114988589091,0.003122218388514263,0.008548512232497401
1459.2,0.12720889239034872,0.8733164722967882,0.19028773330338888,0.010209320711132138,0.7121372580624724,0.0018409403237836628,0.023909925812129324,0.019931343132580964,0.0024152978121555887,0.005820371002008432,0.0058525896772647695,0.00696534369975517
1459.6,0.059167331344513074,0.8666241142119075,0.2328511513149848,0.03240706367123676,0.7136383192300507,0.0007459948979196559,0.00754478757757737,0.05385337041175825,0.007780091830700134,0.006642827620323964,0.006044631133860311,0.008154478507463186
1460.0,0.015899744300582292,0.8598749340976899,0.2895008810852436,0.06529291503190944,0.7149995225136628,0.0018134548740870282,0.009611559990626977,0.05066121637249338,0.002533537818312852,0.0069188108036979225,0.0032639620299336584,0.008626437371959757
1460.4,0.08365444416817548,0.8530503189992851,0.3577467923156988,0.10479194459710639,0.7162358043072485,0.002574559634610475,0.025634678931398713,0.021197098550320568,0.0012164328078623414,0.00655553057075341,0.00495212644276516,0.006866465986388611
1460.8,0.08337805137696083,0.8461271454738919,0.42446361713265346,0.14649280421016392,0.7173606229616134,0.0011992106871109491,0.012910387245207117,0.056576092949634595,0.0076989329555544345,0.005696006406413219,0.006895068318908888,0.007690746475567831
1461.1999999999998,0.01776790640560203,0.8390793371176121,0.479539262159183,0.1865397542250344,0.7183861626363289,0.0013120211785907358,0.006025551696642088,0.049003184897380675,0.0041730928923682225,0.004674570479868593,0.004104651748710672,0.008649187998254664
1461.6,0.03335988949346775,0.8318783128985132,0.5234281277102514,0.22198136435384794,0.7193235065527658,0.0029144729696706758,0.02486491901029876,0.022871040821669145,0.00035582199360919615,0.0038971910808136786,0.003992452744033768,0.00686016745294843
1462.0,0.07788260518360193,0.8244928816916159,0.5593096383051949,0.25068402646568483,0.7201827851763545,0.0021343749755781422,0.019369951195028955,0.05898719353902194,0.00701083811007213,0.0036876772230909852,0.007079246297216762,0.007197790059306887
1462.3999999999999,0.04545044962411406,0.8168888122177344,0.5896199959056634,0.2710264886238383,0.7209733037974443,0.0010462653666594788,0.004475544667855206,0.04755515618454046,0.005938886050774141,0.0041612110811978555,0.0054462108928843116,0.008586763486759621
1462.8,0.009252891988838986,0.809028165147906,0.6159137103167858,0.2815421181825815,0.7217036531511815,0.0026873845047341465,0.021688484507398693,0.024973127267011855,6.435262974466368e-05,0.0051783100957736045,0.0034385714018985384,0.006944002999053694
1463.2,0.04469703984851892,0.8008684037504642,0.6391761239077776,0.2806028943199604,0.7223818060659813,0.0032025702375642457,0.025571441133520056,0.061047628240837405,0.005763643307997754,0.006396513630346876,0.006514582206508755,0.006709873776594749
1463.6,0.06123864522679811,0.7923612574079574,0.6600511339296486,0.26622735056863056,0.7230152026191556,0.0014072901258770595,0.005889533019289411,0.0463708670613737,0.007551165797046662,0.007395900889517871,0.006852663681797926,0.008413332158611102
1464.0,0.022265711742013646,0.7834512793908427,0.6789749412650781,0.23620558612841921,0.7236108258775343,0.002068855633178975,0.01681390549288442,0.02753217569902545,0.0005098413368381545,0.007830220823231149,0.0036532406617165113,0.007102298907524032
1464.3999999999999,0.012855195775100435,0.7740740062881802,0.6962531095568515,0.18906269461645753,0.7241752699885579,0.0039024471861861193,0.03014763689888826,0.0627200216020134,0.004124428117569398,0.007552525416802575,0.005431497872031235,0.006267413881838666
1464.8,0.04711566898275016,0.7641535842473465,0.7121060199177354,0.12696096043619073,0.7247148021475002,0.002490928767535098,0.010487200893875455,0.045511548590497525,0.008710080534964736,0.00667431480242017,0.007805059135182592,0.008112457478543035
1465.2,0.043970620447302974,0.7535996694571787,0.7266965938499972,0.061620962912014285,0.725235419786574,0.0015625619903843649,0.011518132775406953,0.03058384616637761,0.0017400015801196647,0.005534620889249158,0.004716405166839409,0.0073052010943622315
1465.6,0.010956281064297448,0.742303328115831,0.7401477807275536,0.019982057619791355,0.7257429042045136,0.0038791151422774045,0.03205843950526541,0.06398861485795637,0.002379404464079245,0.004582107228073919,0.0043259127704207605,0.00591197020487699
1466.0,0.01837651352530413,0.7301315421940435,0.7525539347554128,0.03542055801860525,0.7262428717746922,0.003958949568463137,0.017614478564858135,0.04504109774341252,0.009153300210118134,0.004207901530881761,0.00791923721131198,0.007682268581017528
1466.3999999999999,0.04397408311894443,0.7169197552690054,0.7639884194904325,0.11750989160165873,0.7267408238345932,0.0017563669180661056,0.007429254180141361,0.03416827204395905,0.003640447263368876,0.004594193102385214,0.006341778772409691,0.007509914011934454
1466.8,0.029905051096043613,0.7024616486537772,0.7745088079522738,0.23826621773463702,0.727242196369987,0.003199177799220092,0.03084469939013196,0.06489147359009456,0.0009044662976845249,0.00564215965315804,0.0037817010643778396,0.005679633068132395
1467.1999999999998,0.006822894579666714,0.6864950111746482,0.784160503428436,0.3604732952658952,0.7277524106673396,0.00516427738007385,0.025885947900895174,0.0450126272306226,0.008719227120993668,0.007007903321458194,0.007138793904031301,0.007139468056722035
1467.6,0.022423159869448612,0.6686821945265484,0.7929792924279547,0.463870637844844,0.7282769262261203,0.0029515874388450435,0.006125173950868078,0.03832970005003157,0.0059258392481688245,0.008228108842012768,0.007953028722498381,0.007664589257372783
1468.0,0.038321793203459534,0.6485834555022079,0.8009931542793294,0.5446667198464902,0.7288212974117473,0.0024191238183915776,0.026767919719685836,0.0655576848640229,9.953152847198031e-05,0.008885596102781942,0.004214115784241383,0.005593696101215581
1468.4,0.019741301848913612,0.625622327363333,0.8082235369057253,0.6062227039328483,0.7293912356101048,0.005516586918926639,0.03358161371060981,0.045440811352598046,0.007405492619887314,0.008758201301531461,0.005813188457409982,0.006520900367324529
1468.8,0.006313168130887244,0.5990468406846002,0.8146862352807634,0.6532420790784761,0.7299926790461436,0.004888695096937572,0.00862853965011339,0.04312517253502122,0.008175053472500002,0.007903718129664434,0.008910625184499043,0.007714951374847075
1469.1999999999998,0.024437704547864203,0.5679073545962292,0.8203919609093536,0.6897339317991296,0.7306318729980865,0.002349429114201944,0.02082959991069576,0.06622739493196401,0.00029017884788606543,0.006650226788029895,0.005642864869885499,0.005657919264966287
1469.6,0.03205605880420931,0.5311224596258617,0.8253466573416199,0.7186692234067171,0.731315463941877,0.004892738794894358,0.0391194546994605,0.04625219582528509,0.005410084821471645,0.005486521344702416,0.0046027792372801985,0.005881526589201805
1470.0,0.012951177623259227,0.4878203493080789,0.8295515920058397,0.7421442045503512,0.7320506123028029,0.006795136756296192,0.015002864983760087,0.04865634484309959,0.009908470200985075,0.004883863751924471,0.008802939865509845,0.007613206314204693
1470.3999999999999,0.007295424203210022,0.4382435440443062,0.8330032344055635,0.761618290173225,0.7328451301299734,0.0035828719317900636,0.014644089242915997,0.06721786629263565,0.0016172533410985734,0.005115540982001272,0.00762019831926261,0.005851899823885678
1470.8,0.024782873272468968,0.38499620862493394,0.8356929118483197,0.7781102699917183,0.7337076523950345,0.0038381018806252147,0.04143340747630488,0.047207448738626326,0.0031386744379293557,0.006149497966341408,0.00421540037802663,0.005288170153351152
1471.2,0.02616836977361795,0.33287486749784423,0.8376062135250845,0.7923386466463982,0.7346478541478919,0.007795535667892414,0.024275613219640727,0.055131085916149944,0.010693413240146327,0.007658523131484417,0.007674485734940581,0.007328098225791738
1471.6,0.008692090765753181,0.2861311617063658,0.8387220887437465,0.8048170904093106,0.7356767310926468,0.006047160089177682,0.01012456845798516,0.06879726240745528,0.003951635684368766,0.009139734366498644,0.009382454697155443,0.006129997454190404
1471.9999999999998,0.008652599597882534,0.24659755144811588,0.8390115511006242,0.815918344151036,0.7368069693777337,0.003386472236774363,0.0401846634861186,0.0478256822241897,0.0011587520927796634,0.010093633155292632,0.0050647082914530945,0.004809305124227429
1472.3999999999999,0.023997790570204968,0.21411616694882757,0.8384358507011822,0.8259169914434735,0.7380534434276013,0.0074717632700213995,0.034753602096961045,0.0628833741791099,0.01025754379041034,0.010199901477365093,0.00607576805437947,0.006854266160030681
1472.8,0.021082281992012918,0.18703380164138417,0.8369439002300274,0.8350182856875235,0.7394339018839086,0.008913385274230575,0.008992526474958724,0.07093628146450405,0.006874441038940333,0.009435005708953528,0.010181744986295163,0.006424877625240883
1473.1999999999998,0.006179454928377815,0.16517761356335406,0.8344686186140421,0.8433777966595367,0.7409699374685934,0.004515132918047521,0.03581589840926867,0.04757982827471333,8.60777084125232e-05,0.008092699293278627,0.00701355916580922,0.0045022759747592195
1473.6,0.00987189950417585,0.14700323867760584,0.8309216536176117,0.8511149697748389,0.7426883989388743,0.0062417196459604325,0.04456761014139106,0.07214542077423651,0.008589028212408692,0.00669183702447944,0.004876175016015068,0.006218512493225673
1474.0,0.022552924483516982,0.130814729052817,0.8261855967640047,0.8583226093809407,0.7446235164935361,0.011002503524608404,0.012247814744358872,0.07287028165105712,0.009744633772516166,0.005792543228969319,0.009655443446234422,0.006656066825850245
1474.4,0.016904076319005316,0.11828667028991903,0.8201021826150715,0.8650736002255147,0.7468202262932625,0.007503983103449163,0.029472275059279265,0.04765832613130796,0.00041029651916171507,0.005784809624818836,0.009362676327692759,0.004400340969653893
1474.7999999999997,0.004799444984901671,0.10745128399107615,0.8124538076779052,0.8714257336100636,0.7493396017603388,0.005300209201504631,0.05218769227519686,0.08253253888648393,0.006000903418300686,0.0067361530229951404,0.004877736221989464,0.005480534648296062
1475.1999999999998,0.010765555624926263,0.09660019495742037,0.8029334497838119,0.8774252158876711,0.7522681432024435,0.01148544244874332,0.019844266142844912,0.07222419874056293,0.011844037956622104,0.008363184302724747,0.0080603927364572,0.006742994647831409
1475.6,0.02079445919844757,0.08870987000582274,0.7910934510662875,0.883109248972057,0.75573417442034,0.01163326317522151,0.022788117383026066,0.055823195972532,0.0023041330929935923,0.010135120186820498,0.011133262104008515,0.004502465758043537
1476.0,0.013581628152179979,0.08228551121662803,0.776253673594351,0.8885079488870504,0.7599340448084718,0.0060690930152481545,0.05673919884050686,0.0925331080908996,0.00313098521250091,0.011462991820009254,0.006386696843638632,0.004726390720335184
1476.3999999999999,0.0041132739853122794,0.07446441992279573,0.7573271488292219,0.8936457861371866,0.7650999977282684,0.010467647334693637,0.030762063496402862,0.0637324764596078,0.012563536389849939,0.011905013916156086,0.006239619547825092,0.006620884172665161
1476.8,0.011305744340121595,0.06850705269081787,0.7324712137680046,0.8985426763055112,0.763601559838083,0.015503020859745944,0.017535010456808796,0.08003216634101828,0.005494061813057573,0.011323686771127543,0.011530618204564039,0.004768637184324067
1477.2,0.01895328274223143,0.06494744927122452,0.6983860839710297,0.9032148115469875,0.6183060555912615,0.009393976416271165,0.05809559180587953,0.09823278252409093,0.0008432398485812215,0.0099463189645729,0.008975825898082844,0.004054564207942584
1477.6,0.010996779659601786,0.0596869285429867,0.6492782911847235,0.9076752976058101,0.4677426984374246,0.009115775158198905,0.04344508006425237,0.0497821863860179,0.011587098521267387,0.008301725317697675,0.005284268580951907,0.0062566616127361025
1477.9999999999995,0.0038252209645226053,0.05424775482651226,0.5790887582525566,0.9119346427839469,0.4353511969853919,0.01782112557243112,0.015183610215608616,0.10762101372751993,0.009266848553699317,0.0070402389409950136,0.010371985027670382,0.00512262783962678
1478.3999999999999,0.011534169603782571,0.051869790178687175,0.4974840755193184,0.9160011323894285,0.3880345344568037,0.014986020532348094,0.05680559756917457,0.08713255177681827,1.0013611746682977e-05,0.006693114285842959,0.011612147794207817,0.0035566599439011384
1478.8,0.017171019417174516,0.04926703000914637,0.426500237845092,0.919881112911556,0.24821991347656452,0.00920969551673796,0.056367477888793024,0.0837001855123802,0.009035896242755411,0.0074663899655245634,0.0059959057507746735,0.005661071083442007
1479.2,0.009015096470521088,0.04452034872463415,0.37299791967193624,0.9235792033609941,0.27561768991767344,0.01818004878161232,0.01651839855679729,0.12172245441368704,0.012633574626683824,0.009158201829566929,0.008265972976177868,0.00546281704255248
1479.6,0.003745034856895598,0.04161498109901263,0.32977892954132076,0.9270984460973937,0.2693061977078559,0.021550829690580572,0.05391764737519526,0.05010866318610468,0.0012059964000921022,0.011232045441810784,0.013128959527516035,0.0032967869004938886
1480.0,0.011515471249661614,0.04082504378267493,0.2989121881341537,0.9304404054901545,0.1983013418196302,0.012298388903766125,0.06847929788532471,0.1336905089793269,0.00553507746018417,0.013009264540563698,0.008405833388079893,0.004892901079293468
1480.3999999999999,0.015526182500888412,0.03802259082653881,0.2691783807313392,0.9336052195201184,0.23888051315176606,0.0173902013797079,0.021469832052469353,0.08653348423146852,0.014603419004694453,0.013905053261861236,0.00641772868171104,0.005680102871198063
1480.8,0.007510175392205054,0.034278789211540046,0.25134681850448115,0.9365916066210043,0.17092839248169758,0.02757080102963655,0.05074894004465358,0.1285391646081321,0.004422836411168838,0.013631587158827636,0.012820117864799583,0.003294722123275874
1481.1999999999996,0.003755625534534234,0.033255668767930485,0.22690588814988014,0.9393968274225872,0.2054703912696088,0.018945951401693452,0.0794176375526792,0.13248676838977463,0.002153064322985277,0.012308885933503396,0.011650612685893274,0.00405223825026204
1481.5999999999997,0.011314926187534312,0.032763353628986934,0.21729671488669539,0.9420165983556934,0.15407004587376508,0.017213273002962267,0.029227772659944695,0.11239884032636624,0.014483738192313548,0.010443800648292806,0.006080424007535638,0.005680284822065831
1482.0,0.014055385987055592,0.029804609189878366,0.19825909993231597,0.9444449510631611,0.17721568331403378,0.03223581988503124,0.0486553498072037,0.16132288827077712,0.008955895967794477,0.00876741904174864,0.010864721331406242,0.0035174988808668985
1482.4,0.006373623291452906,0.027252647510213304,0.18766929575045957,0.9466740279405771,0.1429025707208664,0.02861979622439837,0.0895049994701027,0.10303273686619327,0.00015941324444452114,0.007972149716394606,0.014335423008679751,0.0032622338444243237
1482.8,0.003788522233023834,0.027294192175914014,0.18048204869523402,0.9486937995333727,0.15139339936448276,0.019638826262740605,0.03853348190797865,0.18128296477520175,0.012133487586106002,0.008445716312057271,0.00787256707143866,0.005406687766530763
1483.1999999999998,0.01098905308521095,0.02660554840863597,0.16324984293351158,0.9504916834362388,0.13671011732779004,0.03600487229971879,0.04889672319994629,0.12799693474293614,0.013556424122437835,0.010116600634183284,0.008357362571846445,0.0038822546261449245
1483.6,0.012768960796274988,0.023771573936439815,0.16261100288807623,0.9520520360566964,0.12788585312869868,0.040372984538835685,0.09959977760206291,0.19194266296408957,0.000599458193086574,0.012477528634077239,0.015225520978449765,0.0026424988916982505
1484.0,0.0055174781361453495,0.022262422887696646,0.15170734349136109,0.9533554770687778,0.13121102839055754,0.02611851696198888,0.047952193183209764,0.1951438372399013,0.00811722066264994,0.014769527392792291,0.011340280476116462,0.00485754327268721
1484.3999999999999,0.0038064396007172437,0.02277788780854795,0.14073236226069416,0.9543779900335672,0.11100453066164946,0.04064684532801282,0.05273573386347843,0.11903869364683166,0.01680682301605585,0.016247329625223583,0.006863039638636374,0.004270656755335916
1484.8,0.010582756028117713,0.021825462778241603,0.14299699252268602,0.9550897191441204,0.12085378044330047,0.053920012876127674,0.11081184410070158,0.24360165663428848,0.0038125778118457804,0.01643467923681745,0.013915789297621349,0.002280575288396671
1485.2,0.011661779327260348,0.019300023450666594,0.1303951893927492,0.955453347745867,0.10406073728276287,0.037282969940334726,0.055988529859015965,0.2429658100641994,0.0036972680392794188,0.015296057648989182,0.015080982316792873,0.004092410829482518
1485.6,0.004872996940285108,0.018564436436989375,0.12452487972446159,0.9554218935791464,0.10523009470708561,0.04905560787432558,0.061925852108293766,0.22655400281765606,0.017575988254855793,0.013272418221494464,0.007627737975466301,0.004552700349518501
1485.9999999999998,0.003791426351937404,0.019225168877471856,0.12716778642538512,0.9549356797565203,0.10229214304256593,0.07056024782007757,0.12394165389184582,0.27580922685021786,0.009143465170569721,0.011152978428645871,0.011144810680877644,0.0022093533250766755
1486.3999999999999,0.010129555265203165,0.018090789323396736,0.11465920692489122,0.9539181252717011,0.09155475451055896,0.05345899138478317,0.061187449064454,0.3039724939373985,0.0005752979764736188,0.009802703913305528,0.01741783736238656,0.003223568706919305
1486.8,0.010720409327778973,0.01593021942149994,0.11162168512204787,0.9522698217029979,0.09659490762053655,0.06565637583065416,0.07961974459597491,0.32012713457192027,0.015417067424946064,0.00983516343160725,0.01082718104812241,0.0046155229356920745
1487.1999999999998,0.004387975728830283,0.015712848056912553,0.11449991300677284,0.9498600868940692,0.08625822662652749,0.09360982482923809,0.138186182642491,0.33119918295163814,0.015057099651844548,0.011368110646665151,0.008563197897715239,0.002396995544134698
1487.6,0.0037370815687873186,0.01637112782197445,0.10277481064042565,0.9465147513659211,0.08537413530344372,0.07637925747918181,0.06328161547558535,0.3419029424471084,0.00033356433727898876,0.013972187064262785,0.017272201698280327,0.0023922133403420053
1488.0,0.009653090342224207,0.015157065480313604,0.1007596232210679,0.9419982395926716,0.0848328584896104,0.09893135503613718,0.11082681833827866,0.3525189514273156,0.010827702064473128,0.016828705465390694,0.015333978171542183,0.004391201897181063
1488.4,0.009927625148643942,0.013337734622352096,0.10431633149395249,0.9359868929930815,0.07652484098376464,0.12779003782955234,0.14830689589892404,0.3631417572119593,0.019641052155129266,0.019020217992611374,0.007971409146228368,0.0027524366232719497
1488.7999999999997,0.004023724626392854,0.013441694749040927,0.09365213869441859,0.9280286822333291,0.07898349436669289,0.1166208771300799,0.06922960158337557,0.37381309490225745,0.003710468319797606,0.01984405291436111,0.01478980357094511,0.0017345695149101079
1489.1999999999998,0.003643605091313374,0.014050266729681706,0.09135306076166454,0.9174815726067904,0.07418472623923644,0.1653691645732936,0.15812830490781551,0.3845534469819062,0.00530233317788393,0.01905593477827246,0.019220655420685417,0.003876517962654174
1489.6,0.009168983334590262,0.012837131238102522,0.09591962485097892,0.9034183059055129,0.07033222085458792,0.18286398342686763,0.1414915675289773,0.3953730003321983,0.021265104261567695,0.01697721434982767,0.010330526323517218,0.0031453734985171086
1489.9999999999998,0.009265095741951269,0.011300432081478318,0.08665787146177487,0.8844788380027855,0.07179500617493885,0.22399184765324243,0.1081005013071221,0.40627631835261796,0.010085316285193501,0.014419923434181234,0.011411713443433075,0.0013473589757464486
1490.3999999999999,0.0037522278544785356,0.011587746474106132,0.08313202758407301,0.8586440727969957,0.06608297849276473,0.28627880440034503,0.20365170078565767,0.41726461565062367,0.001052411407578768,0.012422492244883156,0.020739787598633652,0.0031381035076396024
1490.8,0.003514762737749263,0.01214678741957913,0.08866649440291548,0.8229027782814096,0.06529284978093028,0.3704049700163421,0.11966119392569542,0.42833697442692487,0.01915798684976458,0.011866182363362487,0.015108050597577083,0.0034362406226367834
1491.2,0.008686638060780754,0.01098824757586095,0.08136940598272305,0.7728157705225188,0.06480558728183926,0.49437421615925026,0.20743907426097072,0.43949104238060893,0.017552197896382748,0.013124317034236818,0.009287302103267002,0.0012630854392974512
1491.6,0.00871485741622343,0.00966802622927208,0.07604496746055314,0.7021405202097231,0.060081904719652496,0.6107147565061635,0.18957674178134112,0.4507234558519292,0.0002820648585218539,0.01590626935159947,0.01925085340186452,0.0022992078777120555
1491.9999999999998,0.0035536947178887723,0.010045937569729239,0.08201785304795793,0.6032130678946765,0.060542976650046564,0.6852604597406576,0.20741152978704128,0.4620301081379365,0.013784575983081932,0.019364265037203503,0.0204344760321125,0.003509529445371897
1492.3999999999999,0.003356114072878223,0.010573579939672622,0.07738951211376269,0.47008009380764704,0.058663992973786806,0.7330415170540906,0.2509680956948517,0.4734063261543054,0.023602240170807857,0.022401609605785695,0.010197809641713849,0.0014424899683861386
1492.7999999999997,0.008210808658025455,0.009502681466916445,0.07020343681364058,0.30772370006072797,0.05539544105070016,0.7667808853488715,0.2500361802375972,0.48484699060506603,0.004159044043673468,0.024051489980348333,0.01564971641981381,0.0015096894773845113
1493.2,0.008260003095277373,0.00833868869631534,0.07560572142988381,0.14575336440299708,0.05599786048354343,0.7924341274606401,0.2982817595248801,0.496346620143973,0.006955936567459609,0.02380538292495362,0.024031206285319035,0.0033028287712777112
1493.6,0.0034145406182977335,0.008745005857549747,0.07423835837097419,0.035378357496844794,0.053507147185926564,0.8129484281715876,0.35097398881901687,0.5078994319274722,0.026046994648666402,0.021806796847206794,0.01451099100637065,0.0017858576782173615
1494.0,0.0031740535320927315,0.009262590636939719,0.06578466967246308,0.009591781091830029,0.051471588310486954,0.8299362260993237,0.38267077759499285,0.5194993863137645,0.01202775501627087,0.01884830980506804,0.012088097260660808,0.0009071621872523917
1494.3999999999999,0.007742901328101838,0.008299516465927777,0.06931761229301096,0.05260671386653223,0.051766758981652075,0.844357585668439,0.4869669923048785,0.5311402206954693,0.0015128147158266208,0.01613569155124742,0.024370943770150023,0.0028240962093531306
1494.8,0.007884885761311052,0.007242737971159499,0.07133824957738907,0.12445503702619574,0.04921408386437061,0.8568232500800921,0.6266455482961157,0.5428154757505786,0.023795738196187622,0.014857203151903331,0.020840784531297816,0.002159309597709011
1495.1999999999998,0.003325758211387551,0.007634394633221941,0.06287840540043035,0.1950032568573454,0.04802068170228461,0.8677422593390236,0.7228260962783016,0.5545185163211339,0.021473000322373273,0.015711887483238478,0.011011252613037132,0.0005813294023821388
1495.6,0.002975361038219659,0.008159675436379455,0.0633550555199771,0.25094640780481164,0.047932832940875844,0.8773997556047998,0.7643953053746783,0.566242548430666,0.00038927115812403265,0.018614833512389822,0.02147796864716537,0.002151469384815192
1496.0,0.007282034402221742,0.00731774487880844,0.06810343656387016,0.28915095029160387,0.04560113811022184,0.8860007207057611,0.7886739689176485,0.5779806334900778,0.017339144812379154,0.022722194086326614,0.026698794078348867,0.0024287366238398807
1496.4,0.007575037637817505,0.006331788734783474,0.061320907059190244,0.31054464364763207,0.04491211753054711,0.8936958628358859,0.8058350050185752,0.5897257004280754,0.02926987981831107,0.026748011231387644,0.013879988748648282,0.0005527999584211083
1496.8,0.0032816077671978497,0.0066771413092949344,0.05819847429576416,0.31711578462752354,0.04451670508933983,0.9005975516249181,0.8192611912736797,0.6014705562677276,0.005206439026781659,0.029419313022528242,0.017038636376243144,0.0014140678047201243
1497.1999999999998,0.002767057890676396,0.007221376078285868,0.06412001651365044,0.3108395192802728,0.042506217894387216,0.9067898760600742,0.8304186823892048,0.6132078955189991,0.008902075202617791,0.029907146460599082,0.029739673088718888,0.0024929500813628946
1497.6,0.006825906295495177,0.006510755109664357,0.060599865214694675,0.29345746520577415,0.04208931351444467,0.9123350116516138,0.8400596431362718,0.6249303086496923,0.03262843637660545,0.028123417405103084,0.02028735130519045,0.0007722040186977287
1498.0,0.007316940993678707,0.005571630215077603,0.05442683834329942,0.26658796982696775,0.04149554939874231,0.9172770768683173,0.8486161152123983,0.6366302898188854,0.015182813178485894,0.024806613474989116,0.01374917482134102,0.0007583026223402323
1498.3999999999999,0.003278549733875794,0.005845893789021341,0.05935432893673352,0.23195483945240913,0.039808606563477844,0.9216440584198374,0.8563570532730139,0.6483002439993023,0.0020764674291458493,0.021331730432195006,0.02888787261990546,0.002308276311652451
1498.8,0.0025564294832630713,0.006412701218410425,0.059912374982371,0.19164020316377212,0.03952354660713967,0.9254479417868082,0.8634602300037157,0.6599324935716392,0.030156776685078567,0.019239824380726345,0.02808575549941832,0.0011381489051179926
1499.2,0.006371525962235706,0.005842122721738576,0.05241402438533337,0.1482870022919682,0.038826661255840555,0.9286827147702824,0.8700487016488012,0.6715192844405792,0.02725670197589878,0.019627779931296524,0.014080338442824598,0.00030989544059961715
1499.6,0.00709774373821514,0.004937491471350669,0.05427878497607058,0.10515751259718333,0.037423973775182806,0.9313191766667795,0.8762108101194874,0.6830527916959951,0.0006410382659209368,0.022675765082005972,0.02485840182466492,0.0018987095182759967
1500.0,0.0033143489838656903,0.005120551332711227,0.05840388205552049,0.0659449334266344,0.037194066090499356,0.9332939633647728,0.8820118580213052,0.6945251248218762,0.022400363951052202,0.027557444953013762,0.03446052271408669,0.0015269793247791547
1500.3999999999999,0.0023511180760887413,0.00570557273666531,0.0520294305138431,0.03428598680062915,0.03646285443700488,0.9344864318520226,0.8875012757279115,0.7059283324377377,0.037408866124188055,0.03276251015234792,0.019006897881802362,0.00014389825132729055
1500.8,0.00591585537143766,0.005282513934051174,0.04978578592756121,0.013057667708152929,0.03529400839634463,0.9346661630662139,0.8927172084842978,0.7172544065421704,0.006731720316467317,0.03665147371428353,0.01992919610522866,0.0013489381972957004
1501.1999999999998,0.006904986806878249,0.0044107803390888226,0.05552963191248039,0.003705078440408469,0.035081371815431285,0.9333559705794408,0.8976895568317576,0.7284952862143761,0.012003768042872669,0.038018131857096654,0.037253476764968964,0.0018251739150065105
1501.6,0.003387292863868864,0.004486731825627359,0.05252793427147028,0.005905943621582725,0.03436007189771367,0.9293832727416248,0.902442052579252,0.7396428607166361,0.04225218357078328,0.03651023992970385,0.027465040322450337,0.00027184962485889196
1502.0,0.002159213980754651,0.005077780956636878,0.04682714745611889,0.017738151297760688,0.03337746734031195,0.9186660544972578,0.906993712633659,0.7506889719281306,0.019447642444873556,0.03281684634671017,0.01703528499416057,0.0007820973778940708
1502.4,0.005456402865982704,0.00480750804472778,0.05139234350668623,0.03625775125441725,0.0331658834957538,0.8641324544788594,0.9113598794370509,0.7616254160270937,0.0033053239886494815,0.028530188606382765,0.035851934091840114,0.0019561010892300687
1502.7999999999997,0.006726395481716338,0.003976723290880658,0.05275316801069447,0.05821283390302892,0.032480159682955236,0.6491862798302629,0.9155529794001086,0.7724439443249581,0.04010116257773236,0.025624867865718173,0.03691098686528713,0.000648340259168111
1503.1999999999998,0.0034954810427744944,0.003934621922358945,0.04589031402361876,0.08062799334619906,0.031643964080258886,0.18214564008923642,0.9195830843390775,0.7831362631404845,0.035104721762823685,0.02567068152640818,0.018487509329445432,0.0003289601522490242
1503.6,0.0019892879466178078,0.004512335681640297,0.04684994752438788,0.10113484243562941,0.03142832702546628,0.48285807404840136,0.9234583322475565,0.7936940325851145,0.0009753591250613333,0.029131066847598423,0.03137952161483835,0.0018954367661024308
1504.0,0.004991792042878001,0.004396184782727569,0.05162170586609924,0.1180656594938604,0.030791209818047876,0.1047871541040678,0.9271852455076651,0.8041088641107336,0.0314474544582473,0.035135453501942,0.044570384467634123,0.00119239131536942
1504.3999999999999,0.006549778987890319,0.0036225783250159863,0.04660508396954418,0.13039627630730827,0.030070055064955106,0.3841707354003046,0.9307689727621996,0.8143723166484463,0.04899369194156123,0.04183575600380133,0.024924323274292334,9.833912609139672e-05
1504.8,0.0036361631514648454,0.00345794752916419,0.04321619414962124,0.13762614576174184,0.029850384980474653,0.1220131826094314,0.9342134727325142,0.8244758911393968,0.0078508111856215,0.047118755640446236,0.026239502968673414,0.0016728001143581338
1505.2,0.0018503158925769392,0.003997094317332713,0.04869553727183875,0.13965484480914034,0.029266905142740482,0.20630352830293422,0.9375216528357636,0.8344110232260448,0.019042090788061482,0.04935023781023165,0.048589605828498986,0.001815278825470558
1505.6000000000001,0.004522313694367414,0.004030364043828644,0.04777947256200291,0.13668362866860595,0.028636882912550374,0.25577120316705915,0.9406954716404483,0.8441690738332325,0.05727762261320836,0.04794589265423343,0.0351205185779563,0.00015780703378119205
1505.9999999999995,0.006363078328621445,0.0033362650280244757,0.04157849503759212,0.12914927272662385,0.028415163349547207,0.04919138293899786,0.9437360114364061,0.8537413173199172,0.023290415124978522,0.04366441705685611,0.023193155362461963,0.001360612418812943
1506.3999999999996,0.003805120038538294,0.003052906199904572,0.04454647165469243,0.11768557014715156,0.02788558633709098,0.18359238478770132,0.9466435251119979,0.8631189268237907,0.007482450918750689,0.038497426018760585,0.04859053519681567,0.002446514475155476
1506.8,0.0017514533134733428,0.0035245266104282865,0.04793298589055125,0.10310219066189731,0.02732877565946565,0.1835191820457531,0.9494174598747747,0.8722929563479774,0.058038377172296075,0.035028430659575865,0.046740026309861044,0.000529465109506012
1507.2,0.004050448633630196,0.0036944076092801387,0.04208307783741124,0.08636821759931686,0.027107413976231034,0.03740431202836648,0.9520564589344852,0.8812543190484442,0.043526174601028214,0.035361063095831625,0.024304955045548342,0.0010543606395120775
1507.6000000000001,0.006154598073419319,0.0031053759842367026,0.04061047587677608,0.06858719712227819,0.02662935165567191,0.1378889429534179,0.9545583409380194,0.889993761067102,0.001921836300388785,0.040112470701485096,0.04559244986926022,0.0030524126365038626
1508.0,0.003996105950215412,0.0027169812478968305,0.04609792241373446,0.050952049852339615,0.026132403444280243,0.1535891786506759,0.9569200555647714,0.8985018301117449,0.05150337099271413,0.04808340160827022,0.05747805259218037,0.0011995880416029775
1508.3999999999999,0.0017016241822693642,0.00309145311838354,0.04369634626014663,0.03467259724207077,0.02591356950390499,0.03592666506932764,0.9591376121056038,0.9067688378019934,0.06376578378425919,0.05678501836574679,0.03023433850595982,0.0008505262090484069
1508.7999999999997,0.003581327335531571,0.0033754861802938333,0.03843289563713353,0.020876357586710192,0.025483295049357597,0.09119666674720563,0.9612059758655547,0.914784814565531,0.00598751550101656,0.06345094294562825,0.041492180951170715,0.0036453521276869428
1509.1999999999998,0.0059134505446363115,0.0029166121934380744,0.04247238358667903,0.010493766331996644,0.025036252129988276,0.13661137977152218,0.9631189245821102,0.922539455566837,0.03983471430427818,0.06604295714353124,0.06592709110868253,0.002136373243183946
1509.6,0.004200391510895936,0.002447634877142376,0.04469870138690107,0.004148907748501923,0.024821662766032874,0.04632694759730981,0.9648688533330513,0.9300220557547928,0.08034798753753129,0.06399325921477787,0.040233403888131423,0.000828603524105171
1510.0,0.0017089011422589861,0.002698584223215486,0.03865699153562389,0.0020815147879084278,0.024434897838654934,0.049978524843388494,0.9664465109785673,0.9372214315950884,0.020105437353182688,0.058574488477826994,0.03833823726555921,0.00428530086317444
1510.3999999999999,0.0031230694100475367,0.0030641796133859794,0.03847724265522414,0.004121685525496003,0.024030276364843735,0.11621059264311523,0.9678406429941601,0.9441258263592246,0.026573514410781037,0.05269264848342973,0.07188274514304249,0.0033081890463658127
1510.8,0.005630227504977834,0.0027557229116233362,0.043685070307804885,0.009725684044268587,0.023821187120660357,0.06494315717048772,0.969037502809495,0.9507227949066694,0.09181376256950909,0.04986060602123744,0.05277295072417266,0.0010419245840151182
1511.2,0.004406469658975358,0.002240962759947181,0.04046981418877975,0.018064342788955842,0.023473555337149208,0.02388144096266776,0.970020173328151,0.9569990626214874,0.041649381964404146,0.05255082633615783,0.03765576114279101,0.005077780929180701
1511.6,0.0017796730041968758,0.0023497020627327916,0.03598126767321045,0.028142224794500587,0.023105655893500554,0.08597698127620933,0.9707676064064359,0.9629403513995308,0.015584093713287738,0.060846274567214004,0.07619153008067606,0.004695087150296482
1511.9999999999998,0.0026869243134375435,0.002755220708243232,0.04051103632667339,0.0389210389026695,0.022902934847587986,0.0809660892644206,0.971253229766065,0.9685311631049338,0.09902592473961513,0.07234430385443948,0.0663427632926461,0.0015199286943259741
1512.3999999999999,0.005297892265694289,0.0026080223117661656,0.04200540045129999,0.04942521863343294,0.022590211490360675,0.020852977697874232,0.9714428662834841,0.9737545073786347,0.06677924251095624,0.08331083972013908,0.04006781193920317,0.00617360937253973
1512.8,0.004600006175697089,0.0020904800375430113,0.03602840956336876,0.0588173356344233,0.022254613534892765,0.04996202717786949,0.9712915139443462,0.9785915555424288,0.0095980329895953,0.09026038833982908,0.08039105075280269,0.0062870969841202565
1513.2,0.0019176240571836417,0.0020503824451561575,0.03655833041569968,0.0664412048177961,0.022058835329006835,0.08325767520757352,0.9707381432331876,0.9830211947210661,0.10495324520557192,0.09127701574537199,0.07997687202049779,0.0022850297073247357
1513.6,0.0022871181819267526,0.0024481291077556307,0.04152212654993829,0.07183773262109108,0.021777076264204186,0.03700293900083964,0.9696968343904714,0.9870194447470138,0.09232867963229321,0.08688029544898872,0.045334208906943625,0.007773965091669291
1513.9999999999995,0.004912852077261623,0.0024594960730108992,0.037980934502142516,0.07474174150864817,0.02147027211549341,0.021815198116639685,0.9680406442174891,0.9905586824357043,0.009068328342194454,0.08024872994292213,0.08638101558545026,0.008062445248443734
1514.3999999999999,0.0047641292831534935,0.001986281689845328,0.03394107141217934,0.07506791852241108,0.021281804348559835,0.06728072103719286,0.9655696175869506,0.9936065890472063,0.11460801058675905,0.07626487636003865,0.09330865488249744,0.003394540909838736
1514.8000000000002,0.002122588210263262,0.001806255713963692,0.038630464590296724,0.07289208462983744,0.02102740521511265,0.05662814173974315,0.9619396601706767,0.9961246891762212,0.11622678481558958,0.07914523830053986,0.05276062727297085,0.010135165239644802
1515.1999999999998,0.0019403055646396718,0.0021474364257231607,0.03984122166785425,0.06843141477656844,0.02074653771487984,0.015102846902580826,0.956476406525408,0.9980662676299619,0.012484597240014038,0.08986468429038039,0.0962877087127498,0.009939357018718559
1515.6,0.004476126187827506,0.0022984009952173607,0.03398439533674992,0.0620248529074536,0.02056560946309563,0.039505252653563874,0.9475468658078546,0.9993733043205479,0.13539210068940416,0.10545080586728882,0.10614277655400636,0.005036323939976038
1516.0,0.00488015376304538,0.0019148527332963114,0.03473405474046558,0.054113151361496636,0.0203353255631749,0.06350401662783131,0.9291269665140796,0.9999717903065499,0.13531386850963578,0.12067782087062844,0.06195713413884173,0.013539584786398098
1516.4,0.0023893882629049032,0.001620950881630653,0.03961538393325267,0.04521687158879485,0.020078001894427894,0.02881653102962113,0.799695716745959,0.9997642311229378,0.020700638621647453,0.13067404924113588,0.11248081177148103,0.01171259356748104
1516.8,0.0016645356243685228,0.0018622074657156573,0.03610959222964632,0.035910371663057584,0.019904752751980413,0.01651349279544512,0.4318802284747665,0.9986169333855929,0.1766241774729755,0.1330666489432168,0.11753845795912685,0.007727163033794903
1517.1999999999998,0.003994471051325801,0.0021171131973445126,0.0321658724438642,0.026790300836506836,0.019695697210298024,0.05136386348143949,0.2613171571468063,0.9963367720414484,0.13787855082656886,0.12935619498153086,0.0743904770315844,0.01813379004791514
1517.6,0.004928817858431488,0.001859767030046578,0.03680456993091662,0.01843838582446385,0.0194598583946494,0.04653346976232425,0.5336232891798005,0.992624240826571,0.05585067073445729,0.12505879070593642,0.13705054174577758,0.013083210020646864
1518.0,0.002706822698772859,0.00149403436185526,0.03814423159912368,0.01138014611087101,0.0192943703100175,0.013204441758509596,0.32850377557544236,0.9869638623013611,0.23830751026979477,0.1273071143230359,0.12466268064587156,0.012599947197463112
1518.4,0.0014776767692609325,0.0016046456011403463,0.032401977446665675,0.006043215424014132,0.019104000318500514,0.028057742499427257,0.3626447278090695,0.9783025754613955,0.09276328860315836,0.14007844165302527,0.09681832047813832,0.02344988048071674
1518.8,0.0034812665564159283,0.0019138261412489793,0.032950415341508776,0.0027205660737184834,0.018887831315151125,0.051199905046495034,0.28122483987633645,0.9635652413215241,0.19177951385653788,0.16099337016242254,0.1684257733286069,0.014226633290029277
1519.2,0.004892069241661989,0.0018033858018112494,0.03791862321198588,0.0015444729414848775,0.018730146923544577,0.02738069800786875,0.3466014816000399,0.9294723185969728,0.2505565191263189,0.18311023527738557,0.12460081646566201,0.021302813516259216
1519.6,0.003057012023571757,0.0014194009501780674,0.03476045959962984,0.002476077912115174,0.018556243392835188,0.011439227796115487,0.12279966035536849,0.5925317168123707,0.13796158091130423,0.19970279513138167,0.14415141393581812,0.027621160936617664
1519.9999999999998,0.0013953069704482196,0.00138775104770384,0.030601226337701164,0.0053129749348967085,0.018358112666805402,0.03809998847324916,0.362076850635631,0.5176763724519262,0.34175451582081834,0.20843865945791704,0.19202234871571644,0.017841362594561545
1520.3999999999999,0.0029569162998288314,0.0016935876093203015,0.03499316709026995,0.00971395155167891,0.01820824401584312,0.041795120088951275,0.06651656252544658,0.7590197384154902,0.2171702303476663,0.2135741345584097,0.13496374657991322,0.03386497723203577
1520.8,0.00475536404833237,0.0017294456247918567,0.03682499569038301,0.015236881413376906,0.018048887475444326,0.013859413903320796,0.2687649242320332,0.8055826720684716,0.38098541466538605,0.22417261840277228,0.21778698258336868,0.028233359309035668
1521.2,0.00341535293043081,0.001384642153456522,0.031229498775992594,0.021383705541561607,0.017867307729460224,0.01802216391726719,0.2224957200711098,0.03973079798429982,0.5128967918775607,0.24667754145795834,0.18405038477365837,0.031062870427430982
1521.6,0.0014281708722152615,0.0012222698706574368,0.03119231554944675,0.02764596989687645,0.017725238905924014,0.04151212121760772,0.05891510340161976,0.7295329438413354,0.6934902049115494,0.27870837031116874,0.22269135913995997,0.04361746543217297
1522.0000000000002,0.0024484863749558716,0.0014681555112462396,0.0363458046520406,0.03354540628717005,0.017578783221546927,0.028668573471478095,0.2659254032181433,0.28877126935333125,0.7761391492970223,0.31287597232862374,0.24596302328995095,0.03239458669442824
1522.4,0.00451033826439156,0.0016261390818061694,0.03385762941751942,0.03866599120177833,0.01741238701779999,0.008741900623778871,0.12268248520104746,0.6529898672856975,0.806943449357772,0.3455963754173871,0.25089013010126526,0.05361092745898147
1522.8,0.0037513372493161805,0.0013718458569346077,0.029259320310056257,0.04267607393872335,0.017278073543941744,0.026337765086344087,0.08478625516865064,0.24681059188088078,0.8261706323542406,0.38017248089437555,0.30008173346435957,0.043718945636578944
1523.1999999999998,0.001579424758231149,0.0011134805310293598,0.033148377672087344,0.04534094696829034,0.017143118434404005,0.03815340091715765,0.23054591734568272,0.6395534790793508,0.840635961912457,0.4203418298781175,0.32207573927140176,0.06093559539150209
1523.6,0.001988320353158955,0.001254302070117708,0.03576921758361031,0.04652733727480886,0.016990643926924492,0.016849377044783953,0.08194353572885232,0.054853890330523715,0.8525464845744417,0.46374813003445287,0.35991099418246764,0.06014877068026841
1524.0,0.004157578026026906,0.0014890051998301258,0.030461628224385088,0.046201704642615325,0.01686401108287749,0.010626009004199839,0.0819658496932072,0.6407488160151851,0.8628681202555165,0.5052354836541849,0.43809240544213485,0.07270643470952273
1524.3999999999999,0.004030457262759053,0.0013600333198862525,0.0294833877867146,0.04442409920610945,0.016739374192022826,0.03197517356209535,0.19880481630147015,0.15078110545951548,0.8721026901946443,0.5418268470284344,0.5075485578282417,0.0779272041569682
1524.8,0.0018420237692331018,0.0010586230029493763,0.03478397818211407,0.0413388824798576,0.016599657331765806,0.030365164127607425,0.07214138578203325,0.5492487004453441,0.880541492004681,0.5730509316294293,0.6323765735868669,0.09395899587727517
1525.1999999999996,0.001611443227612695,0.0010705302635071025,0.0333231542484796,0.037163069141829506,0.016480598872965397,0.00938870844478944,0.06222497532514602,0.4306551591501742,0.8883671923006362,0.5995582075662697,0.7699366300001712,0.09901515407127681
1525.6000000000001,0.0037090692733711063,0.0013227604385520318,0.02820428611339723,0.032172568841716,0.016365288083479913,0.016157452679439143,0.1728028674338335,0.1793449234573687,0.8957009445337142,0.6222283041669235,0.835391479504838,0.12583472136744325
1525.9999999999998,0.004217323124578353,0.0013290235414403823,0.031235579762942212,0.02668631116748672,0.016237258566424127,0.03324217023679919,0.077994225850895,0.5621892396423074,0.9026265124631103,0.6418452327628624,0.8666804909139728,0.13847788553283596
1526.3999999999999,0.002196730367569218,0.0010458662904445522,0.034831715248083615,0.021048185372604142,0.016125636696075012,0.021162199348444672,0.03789224027356888,0.13370153039195617,0.9092036124908474,0.659030410169986,0.8854961318811878,0.16715836762142122
1526.8,0.0013517191286721018,0.0009326512665720686,0.03010885187753095,0.01560693499063283,0.016018823345267455,0.00704215052975163,0.1463758874332417,0.4233962507008973,0.9154757517169051,0.674258051619859,0.898415905480029,0.2083213702895986
1527.2,0.0031897757003907165,0.001141226650086,0.02789791986709591,0.010694580696555739,0.015901502319794678,0.02204243008989261,0.09198352710849061,0.4560008007247964,0.9214750574860865,0.6878872666136047,0.9080128305860722,0.26778474028682947
1527.6,0.004279949283309713,0.00126400687308094,0.03311191768593503,0.0066045110864420345,0.015797149276298456,0.030429814070035272,0.019887182842352406,0.03556068372028642,0.9272253668672614,0.7001913831195914,0.9155127504062766,0.3405465217084161
1528.0,0.002611308048748754,0.0010555277388175888,0.03304801422720803,0.003570935465388087,0.015698142888935115,0.013132204537984367,0.11389550866134028,0.48197454678581947,0.9327442592834412,0.7113806244294847,0.9215823898863417,0.38539916621556775
1528.3999999999999,0.001236959002810606,0.0008491931650186004,0.027535546057070565,0.0017517591764970937,0.015590641059585984,0.008807692009406138,0.1065432317101388,0.34217037597231215,0.9380444178539639,0.7216186989495831,0.9266198086443745,0.4125001118499906
1528.8000000000002,0.002637719261023309,0.0009648371710626059,0.029264993594979846,0.0012169584782686345,0.015493362300730137,0.02607965860713431,0.017514726880948468,0.07910358917679816,0.9431345448518688,0.7310347290714568,0.9308796003531464,0.4326895364782092
1529.1999999999998,0.004194922320883195,0.0011596543675531517,0.03383429328506778,0.0019441087598636463,0.015401587368257875,0.024897302813731828,0.07473537894930737,0.4760686890457624,0.9480199658101648,0.7397318202374444,0.9345334297343258,0.44954954155204335
1529.6,0.0030414728109323815,0.0010637579164920576,0.030158141924984956,0.003821887192187415,0.015303102645236497,0.007868316702601899,0.11280639364961133,0.2632340338858408,0.9527030021846413,0.7477932570236694,0.9377019771097974,0.4645072338705356
1530.0000000000002,0.0012834672393432641,0.0008179833698311299,0.02657128335796405,0.0066612890941097356,0.015212681355238384,0.012847005990691015,0.03333284698196607,0.11665607849741752,0.9571831569988392,0.7552870286726903,0.9404729928091731,0.47824642144357393
1530.4,0.0021019718406271597,0.0008158356481954787,0.031232652352448032,0.010213215592848343,0.015127656564878023,0.02733219517185898,0.03657346430082352,0.45461205809105526,0.9614571319041684,0.762269172816291,0.9429120815611702,0.4911391832044336
1530.7999999999997,0.003952857776691252,0.0010223770937050596,0.03286438124857689,0.01419026552133685,0.015037470818883288,0.018338824375199528,0.10321052728663115,0.22621212613636904,0.9655186711661162,0.768786275682252,0.9450694443920131,0.5034068475878423
1531.1999999999998,0.00343406890196643,0.0010481527929833358,0.02735627759161171,0.01829017463105892,0.01495367332115893,0.005842859783692321,0.059332398288765735,0.11850059169630568,0.9693582025890661,0.7748773637160798,0.9469842571146772,0.5151898715235295
1531.6,0.0014908272763535573,0.000825260964251387,0.027328228504291337,0.022218434660797464,0.014874993486035857,0.01731149301924878,0.013914914466887349,0.43175303632583656,0.9729622101450381,0.7805753510102496,0.9486876074578694,0.5265818044932699
1532.0,0.0016381608102929116,0.0007121077842386284,0.03258160773115211,0.02570810532328374,0.014792468279865004,0.025862840986788906,0.07589387487823673,0.22260945688351497,0.97631221594551,0.78590815869652,0.9502045208549322,0.5376472883889652
1532.3999999999999,0.003563230849468381,0.000869560999618463,0.030525369202605377,0.0285355305702953,0.014715049890079863,0.012278943794447645,0.08061842141562663,0.09349149642695363,0.9793831458886866,0.7908995892532891,0.9515553917381756,0.5484322693067453
1532.8,0.003732683015028466,0.0009939436443386085,0.025692302888002214,0.03053139609373542,0.014642370671476154,0.00661945243481114,0.017122356112135605,0.4073901929719598,0.9821406494438965,0.7955700156191716,0.9527570162908499,0.5589701181928328
1533.1999999999998,0.0018379879721709376,0.0008481855519472068,0.029124380949385638,0.031587167777812813,0.014566942058825316,0.02082858031541858,0.03956856876574645,0.24253853520506893,0.9845365055784318,0.7999369288237111,0.9538233514948697,0.5692854690741717
1533.6,0.001301475074961105,0.0006613468622918,0.03253355438410986,0.03165735027681279,0.014495652937123559,0.022353141618368478,0.08375980721593787,0.05814662862940078,0.9865002053773706,0.8040153763709512,0.9547660821149383,0.5793967188176912
1533.9999999999998,0.003057402034448427,0.0007253258967791889,0.027718303698584638,0.030758190321166168,0.014428678300393447,0.007777615060326658,0.04016321988161522,0.3743955523716405,0.9879219959489074,0.8078183153844185,0.9555950502628052,0.5893177082783364
1534.3999999999999,0.003885496915896359,0.0008988396977402649,0.025625102450324722,0.028963460845363095,0.014359850917463933,0.009240132708985022,0.013406771175818413,0.2766215249541982,0.9886136900852264,0.8113568985590238,0.9563185848770854,0.5990588844789407
1534.8,0.0022818411420612774,0.0008606307935246716,0.030908680029688284,0.026397865677980827,0.014294441551909813,0.022653584181112813,0.06433062035840334,0.03471259437982689,0.9881963253117125,0.814640706595937,0.9569437570999045,0.6086281234084975
1535.1999999999998,0.0011377179987295445,0.0006576051531623112,0.03101048166489984,0.02322847100019451,0.0142329137729682,0.017755072430279083,0.06344171040900054,0.3223377582071256,0.9856180245464353,0.8176779375597902,0.9574765799268168,0.6180313247758904
1535.6,0.002488562952277327,0.0006134982749825774,0.025459111213954513,0.019654459923515794,0.014170254512759694,0.0053238577031891315,0.013409187830363137,0.3141815517396765,0.9714893156042304,0.8204755611742031,0.957922165311786,0.6272728498172874
1536.0,0.003854617611154711,0.0007745752191338658,0.026902482843955754,0.015895463440945223,0.014110480565285069,0.012615151505443751,0.03233233567591511,0.045468090689404946,0.8466850555279196,0.8230394442349912,0.9582848482965882,0.6363558487611516
1536.3999999999999,0.002759390468970593,0.0008409166242607526,0.03177052053648159,0.012178765978922812,0.01405417251365333,0.022608337084780192,0.06850486856195301,0.24271717175801377,0.6837901537365089,0.8253744519128723,0.9585682851771803,0.6452825092156871
1536.7999999999997,0.0011736127268559126,0.0006819236541419717,0.028546822028152757,0.008725814388902254,0.013997304081693957,0.013022446131806144,0.034786116882332366,0.3424210913137035,0.17144828691128974,0.8274845286218431,0.9587755308766439,0.6540542468925237
1537.2,0.0019275231267984754,0.0005497213322532522,0.024453958437905342,0.005738648986369785,0.01394293043394966,0.004884851387531889,0.010163968575721891,0.09777432560680542,0.5817069958538038,0.8293727612643351,0.958909099340482,0.6626718536081954
1537.6,0.0036254808125375754,0.0006439508397883383,0.028765451037924016,0.0033870762884178713,0.013891639804060742,0.015803746538259472,0.05013301859465845,0.14136227270052945,0.1505330964162016,0.8310414269659068,0.9589710097539271,0.6711356131657975
1538.0,0.0031942336982422512,0.0007790734575071819,0.03128104357233154,0.0017975536663677474,0.013840234424244058,0.020926929154485643,0.055434038113694316,0.34626040396277236,0.39496447422075176,0.8324920268352975,0.9589628205962839,0.6794453927537348
1538.3999999999999,0.0014081817630919227,0.0007075742520561607,0.025987459946041284,0.0010447939529641182,0.013791038359105737,0.008930398233426597,0.014133281698005535,0.1765987277627564,0.3233437495339838,0.8337253067925948,0.9588856529203751,0.6876007154385706
1538.8,0.0014538419787101186,0.0005354413482250666,0.024864502140415433,0.0011469778783979436,0.013744583501884117,0.006055276203157699,0.021643359750945574,0.05479160719534343,0.0730886323088075,0.8347412660705628,0.9587402037202573,0.6956008178742344
1539.2000000000003,0.00321432929361728,0.000533614810906312,0.030326396540068447,0.0020651726998287155,0.013698356987734257,0.01815563457155581,0.05607734673762291,0.3090351719516732,0.36909720371829824,0.8355391535870157,0.9585267497839451,0.703444696308133
1539.6,0.0035073804810586916,0.0006808512844152144,0.02956987772259047,0.003707128562095323,0.013654130523397869,0.018085085584492313,0.035642622795872055,0.2549582094050084,0.10625394497779382,0.8361174519856428,0.9582451419820291,0.7111311432077974
1539.9999999999998,0.0018074087613899515,0.0007087456371757788,0.024133713848889037,0.005935131915331796,0.013612347539362704,0.00597998779174922,0.007440592098114221,0.036238277684237166,0.1399689256830022,0.8364738487286045,0.9578947894837911,0.7186587762747693
1540.3999999999999,0.0011427938224486884,0.000556392540649868,0.026320697946280135,0.008577132063843411,0.013571053882902433,0.008241381619303049,0.035199190226279674,0.2203830298215106,0.2856434074944416,0.8366051931713522,0.9574746328792233,0.7260260611971763
1540.8,0.0026714281057296633,0.0004646062153621393,0.03092144854976225,0.011440012975728218,0.013531605335958525,0.019338556709528838,0.05056142695114433,0.30639331136290276,0.04918681668473518,0.836507438031405,0.9569831045748669,0.7332313291792397
1541.2,0.0036314331696248427,0.0005663708473820777,0.027185026419153557,0.014323718425203259,0.01349434612164279,0.014650189145903797,0.018388216304435448,0.09732301236519611,0.12369218102216967,0.8361755630468474,0.9564180740617667,0.7402727900453313
1541.6,0.0023043554795479744,0.0006698519229799932,0.023467128474540983,0.017034969726824143,0.013457772689518383,0.004378343562495808,0.0117172143198243,0.10306917040297471,0.22969428011046186,0.8356034778615222,0.9557767746443976,0.7471485415303251
1541.9999999999998,0.0010499095378484694,0.0005869072831839495,0.028132882541636657,0.019399511838086976,0.013422927580559374,0.010825158864174811,0.04333389434121151,0.3073427415838717,0.0450088853583787,0.8347839002200707,0.9550557068487742,0.7538565752204417
1542.3999999999999,0.0020778459806805286,0.00044406417394356727,0.030302795103479316,0.021272124080507247,0.0133900585637863,0.019295897792651725,0.03851710777650178,0.19341842305838164,0.08244219758993736,0.833708204327112,0.9542505118172967,0.7603947794904796
1542.8,0.003525981067932724,0.0004630947577398999,0.02484413987407519,0.02254396422388554,0.013358021935462924,0.011166007226955996,0.008464661542444303,0.03347568885013874,0.19291212174249647,0.8323662326184654,0.9533558052735791,0.7667609396857646
1543.1999999999998,0.0028063071995417872,0.0005918043431793409,0.024028628649573662,0.023147116492014917,0.013327623367967993,0.0040770144222608004,0.02061668478535781,0.2398518966114144,0.059854779217422285,0.8307460620573578,0.9523649586688541,0.7729527357142872
1543.6,0.0011960810763001044,0.0005991644866501177,0.029580537646010194,0.02305644447275729,0.01329902471709057,0.01327856930092932,0.04426619987078265,0.270833136366981,0.039470309488296315,0.8288337131937282,0.9512698082089172,0.7789677371425708
1544.0,0.0015345275599685884,0.00046170660783388613,0.02864593009476166,0.022288994055595004,0.013271367156651297,0.018173180963003025,0.025218693777810136,0.06889606322236595,0.15861651329261856,0.8266127862995037,0.9500602634604395,0.7848033958227274
1544.3999999999999,0.003190935608660631,0.00039518555619822175,0.023181383447488067,0.020901256756649226,0.013245275801104772,0.008075544769598356,0.0062016882151768185,0.11946855775595185,0.08319213732056162,0.8240640034633583,0.9487237732054788,0.7904570360161265
1544.8000000000002,0.003209304368798256,0.0004921827163494473,0.025467275365571144,0.018984612189051127,0.013220840942752405,0.0048451042456175725,0.02889581853912336,0.2907151167652076,0.01058418665034787,0.8211646279137307,0.9472445837694056,0.7959258419169196
1545.2,0.0015570463125892957,0.0005741575975449987,0.030151176337183658,0.01665924828713495,0.013197427465349704,0.015222289797737244,0.03948037088771135,0.16817383681325845,0.1166977018682067,0.817887721006331,0.9456026880869858,0.8012068424152624
1545.6,0.0011440656923037416,0.0004932492335820281,0.02642348588639521,0.014066836449328322,0.013175521270412022,0.016239150666029833,0.014380247121610215,0.03483576556935208,0.1039601601480231,0.8142011816706738,0.9437723008939526,0.8062968928709328
1546.0,0.002673839712940675,0.0003733377555776493,0.022565247740220607,0.011362236958495458,0.013155156595415557,0.0056804589580303575,0.009265882868620732,0.228812056560058,0.007355388071372038,0.8100664901590928,0.941719584425181,0.8111926535913266
1546.3999999999999,0.0034186628772830737,0.00039839796115556447,0.02721059997285905,0.00870453914049917,0.013135872571041058,0.0063530323091327496,0.03387047601397401,0.2542733735267206,0.06755257624389842,0.8054370436926215,0.9393991444766164,0.8158905646204984
1546.8,0.002061091539584376,0.0005098123630065227,0.029658357826662242,0.006247800682936161,0.013118046306564504,0.016439040575415047,0.031558788221007515,0.06734291804941571,0.1104321389626854,0.8002559195572828,0.9367484206404736,0.8203868163419372
1547.2,0.0009878270909549603,0.0005101407093224753,0.024220630660615448,0.004131929931860066,0.013101670982144521,0.013815420195228901,0.007673198685463606,0.105871500878541,0.028629955333107773,0.7944528206046321,0.9336782810996006,0.8246773152752914
1547.6,0.002067390936616336,0.00038969361185693527,0.0230271611610778,0.0024742327922127436,0.01308642021117835,0.004132193114768402,0.014685268212456809,0.2731119000755006,0.023999518279814794,0.7879398307430477,0.9300563390209958,0.8287576442961904
1547.9999999999998,0.003372030609180531,0.0003360239073497678,0.028672524988907887,0.0013621953596756557,0.013072584927746059,0.008247783681906715,0.03498955367779863,0.17091288521718367,0.09521719457463688,0.7806054025124999,0.9256751937238703,0.8326230163249914
1548.3999999999999,0.002597746206306057,0.00042223050458851594,0.028235431829905674,0.0008480681566278468,0.01306013076482241,0.016857135600576986,0.022926282713806506,0.031459777691164016,0.05870981819758984,0.7723056603227735,0.9201862131414815,0.8362682202993905
1548.8,0.0011033183888570558,0.0004919098727558724,0.02255700792774216,0.0009457388215415296,0.013048833959324742,0.011220906911003276,0.005084836874694953,0.198445955733618,0.004506666609890818,0.7628515343290286,0.9129435032674479,0.8396875579577292
1549.1999999999998,0.0014949398746089471,0.0004207981116543112,0.02430212439672487,0.0016302223747884617,0.013038916428658578,0.003447358673043517,0.020100754235661468,0.2523273029235927,0.06071834162280855,0.751989270026819,0.9025662132622793,0.8428747695932497
1549.6,0.003059624981920591,0.0003171663349150935,0.029420804762981024,0.00283987474563062,0.013030327776489001,0.01020868557644645,0.03291886819643623,0.08442120556519159,0.07765142366783277,0.7393701956824535,0.8853267566727582,0.8458229464702187
1550.0,0.0030380586240065072,0.0003386823324901665,0.02624356918826311,0.004481176186643257,0.01302292138584358,0.016518787152994548,0.015298576021414925,0.0738986603029059,0.015491888995882488,0.7245028346195335,0.845495740910095,0.8485244269869234
1550.4,0.0014681050606439193,0.00043557752436428537,0.021759485340218616,0.006435677683611739,0.01301686356783573,0.008732876278882631,0.005630573078600965,0.2503050098103833,0.02277281021664859,0.7066761566145849,0.7007504115573028,0.8509706728807749
1550.7999999999997,0.0010846559147161803,0.00043805208793345015,0.02594765583166725,0.008568497875999729,0.013012097225029244,0.003538331256735622,0.024149683575426573,0.19209321950443908,0.07292907100318051,0.6848383001590406,0.577185053227833,0.8531521207309853
1551.1999999999998,0.0025352313413089184,0.0003344902055192464,0.02926249408254098,0.010737633304502888,0.013008532552032305,0.011980701220498418,0.02878426882304745,0.034860821523327326,0.041994040068279545,0.6574218041312921,0.5051685731954249,0.8550580026338517
1551.6,0.0032639695587692967,0.00028486070702670385,0.024142976931829974,0.012803316610030166,0.013006291118451857,0.015543829032232673,0.009573444528688128,0.14955863858295992,0.0040213659790202475,0.6221826273565269,0.3360738734071761,0.8566761280713933
1552.0,0.0019964528803060257,0.0003572305802534583,0.021907781133703164,0.014636721152807643,0.013005316260971065,0.0065639996025472725,0.008028616179444451,0.25295124020262927,0.046285802980388716,0.5765029215212168,0.41838944205271283,0.8579926164788496
1552.3999999999999,0.0009368947942417265,0.0004212507319209076,0.02748851028114575,0.01612744485517951,0.013005558822925358,0.0042500573936979985,0.026336502866959956,0.11977717201794204,0.06030562746331496,0.519853935001479,0.3006690187636439,0.8589915665619097
1552.7999999999997,0.0019121429489958556,0.0003644506727538357,0.02824650432645227,0.017189379471309767,0.01300710475556431,0.013387789010858523,0.023705399484363066,0.04067145965044143,0.013683693112086268,0.46066509614747836,0.34506290437128906,0.8596546436128993
1553.2000000000003,0.0032008855439205315,0.0002722320777406635,0.02236803389565808,0.01776475128161916,0.013009902889906801,0.014095476428021282,0.005967309489100286,0.21066525100354666,0.015453462908672123,0.41662872874383855,0.2341158901385974,0.8599605593094691
1553.6,0.0025527320158370177,0.00028420508693011284,0.02285293910943878,0.017826278832479003,0.013013931987371408,0.004853402272504415,0.011138384623516646,0.21995322937993256,0.05574594606934088,0.3879411754468443,0.3347293544599647,0.8598844088095404
1553.9999999999998,0.0010929039949063152,0.0003685939642160922,0.02853862715507304,0.017377516653230965,0.013019250259663322,0.005395645402672051,0.02673545869678821,0.060442409725133914,0.03692142377979799,0.3533912809356804,0.14508057818101622,0.8593968159194626
1554.3999999999999,0.0013411397342365265,0.00037889839008700915,0.026607408071784834,0.0164515360782987,0.013025815214048261,0.014331533099347175,0.018568322730083072,0.08759947147246558,0.0034225696048908617,0.305038671492844,0.31979966817865174,0.8584628163926261
1554.8,0.002844687228167994,0.0002920694440355364,0.021233446334453614,0.015108140079797494,0.013033623676806196,0.012351596510407315,0.004249371841438883,0.2389337448653381,0.03162407461774639,0.25740167120143037,0.15287075188555013,0.8570403782728645
1555.2,0.002981618707515526,0.00024112039642794052,0.024289395129516445,0.01342982918793483,0.013042713022638312,0.0036687884798603963,0.014148182465809704,0.16814703137112477,0.05012097447475011,0.23281619049455415,0.2187273533399194,0.8550784104629743
1555.6,0.001514860383243879,0.0002975995113967869,0.028872487641801704,0.01151674327554751,0.013053050991493837,0.006785824043630086,0.025711671247619826,0.031757499970211024,0.01607760789300527,0.23572456241386394,0.2513848188795349,0.8525140359716795
1556.0,0.0009727806180370077,0.00035958823635464813,0.02468131333078663,0.009480811269501668,0.01306464507670865,0.014780649703017268,0.013956448932515294,0.1455403716952927,0.007957642306375,0.24658157014039908,0.0889011646913004,0.8492687866194176
1556.4000000000003,0.0022733287147023197,0.00031992173330616934,0.02088509089805921,0.007439356137827423,0.013077517847980212,0.010482867770478112,0.003971595738297445,0.2365763936183269,0.041269363691016345,0.24503515543303417,0.2446643320270118,0.8452431796250335
1556.8,0.0031499164560024402,0.0002368043647956454,0.02585030684569781,0.005508428945098179,0.01309164750572674,0.0030162758359801914,0.016590567900031987,0.11293720789406475,0.035938847403778854,0.22435339327565282,0.1703213009164733,0.8403088060165977
1557.1999999999998,0.002086109090163504,0.00023569575027705344,0.028441946748101375,0.003796180676652501,0.01310704692733458,0.008249991405820339,0.023722222592737447,0.037692156766458124,0.004777275109022075,0.1896685051925628,0.09404731032985068,0.8342964901170353
1557.6,0.0009125091311983057,0.000307868320549391,0.02281989368827332,0.002396615819539316,0.013123729042347695,0.014756100951795914,0.010172472011334067,0.19191324690175743,0.018471007570408784,0.15379425637037697,0.2312483155271729,0.8269780700655212
1557.9999999999998,0.0016352231766434194,0.0003288254751914058,0.021296985854437376,0.001384095426061445,0.013141681741553413,0.008637927037158384,0.00464138779729656,0.2125883359951312,0.04167900361560731,0.13179378759844937,0.12116418684186878,0.8180375340026171
1558.4,0.0029895905155342024,0.00025947144121500333,0.027196231696809927,0.0008089563775390185,0.013160919813232265,0.0028545689482903096,0.01827402182204038,0.06693143386640629,0.02054304943383127,0.131401670356489,0.09665042498585691,0.8070239923745866
1558.8,0.0026359730640983592,0.0002050127809854994,0.027350954178811053,0.0006945766331476138,0.01318145080059194,0.009648719975606703,0.0211980422114041,0.06872520710342699,0.00336833151447276,0.14664952043765647,0.2102387742022667,0.7932734997611562
1559.1999999999998,0.0011820443810144758,0.00024374086101138818,0.02132017831039392,0.001036137604689728,0.013203270867080522,0.014315232270990103,0.007302469287659485,0.21826006084848004,0.027686847913155295,0.1635303546246604,0.09872400713633678,0.7757801333585581
1559.6000000000001,0.0011124974294527004,0.0003043227443390658,0.022305464628210276,0.00180121661428336,0.013226394744496777,0.006934861963422168,0.005824308833065028,0.17648029653547073,0.035019575379742665,0.17047585197426915,0.086829403592841,0.7530051803746526
1560.0,0.002528084126269641,0.00028347981849263765,0.028077070588432798,0.002932195660100871,0.013250827890932652,0.0031105087773768752,0.019192685198963208,0.03831434387799162,0.009013885496634316,0.1629533638554919,0.19112894650728476,0.7227366075192692
1560.3999999999999,0.0029863205249219364,0.00020979155472268705,0.025806541378469924,0.0043503158464887675,0.013276573024520026,0.010878951594107135,0.018487319984914957,0.10980555109742031,0.008280552002176584,0.1427427145233949,0.09289091758344825,0.6827246980036341
1560.8,0.001701710453613204,0.00019415444545136268,0.020379505080347575,0.005961062096205762,0.013303644036874826,0.013537086697596085,0.0052898795414319175,0.22535053294691218,0.03214571576508957,0.11619171480744277,0.06884359577636705,0.6337513091551409
1561.2,0.0008660962462501265,0.00025258916367402567,0.023664859752245738,0.007660451408046774,0.013332046651083895,0.00545800108372297,0.00718824332908925,0.13644109345770553,0.025051152499013345,0.09236471871129767,0.17328297379443183,0.582409386367685
1561.6,0.0018922624795115735,0.0002843589933526131,0.02836039718863303,0.009341735398499456,0.013361788435868731,0.003693732051485344,0.019445868142572657,0.029553682995027752,0.003320529913827754,0.07977031537564294,0.09797350066335156,0.535648823649878
1562.0,0.0030088607762426152,0.00023408320519376885,0.02406293975775999,0.010902020511699553,0.013392882502719203,0.011873732671107494,0.015839190815217213,0.1485640073232232,0.015215535429137346,0.08189374529059225,0.048663477479412846,0.495723843571785
1562.3999999999999,0.0023042250650054364,0.00017692372119951344,0.020078151113195008,0.012248353462003932,0.013425336309651327,0.012510049717026323,0.004000914868310753,0.2176047185844892,0.03149458428583077,0.09499784177903238,0.15293762357108784,0.4620894535688147
1562.8,0.0009787153480548421,0.00019637828693696178,0.025107404124017955,0.013302903234318833,0.013459160833263808,0.004258767497076814,0.008508798883716867,0.09884707808395103,0.015204171094009478,0.11077373348977532,0.10974554032102841,0.43338577229935316
1563.1999999999998,0.0012781757219709983,0.0002533993541929337,0.028030036867388274,0.014006977520037524,0.013494368970222366,0.004508989242075636,0.01917838228107571,0.037846797110681604,0.002905150600896958,0.121265951482803,0.03332832808611177,0.4090187762130547
1563.6,0.0026753121438877784,0.0002516928882844081,0.022370962857077608,0.01432372331857857,0.013530970650076857,0.012598399733129262,0.013410403585058921,0.17840149733702404,0.0210305593109623,0.12198391777271657,0.12659609549403084,0.38727522444006185
1564.0,0.0027813712606095677,0.0001899950344227811,0.02038662413118007,0.014239463986886133,0.01356897922853927,0.0113222747262067,0.003273550058247198,0.20005301210310594,0.027068713756122506,0.11240579444046662,0.12286718443795046,0.36894373184006674
1564.4,0.0014164463596283805,0.00016068769008082925,0.026393414501639872,0.013763708830673595,0.01360840815392368,0.003359335497262174,0.009654240542828115,0.06802609420513384,0.007708296148298802,0.09529739174065537,0.0298918684194264,0.35162746071293605
1564.7999999999997,0.0008902182300410997,0.0002026489953928087,0.027164352557733938,0.012927932786776002,0.013649270037111392,0.005465436951621628,0.018541909194910465,0.05736211806454419,0.005898706809918174,0.07577665356464008,0.09347649088661354,0.33723097833915355
1565.1999999999998,0.0020802052836098417,0.00024265165755701332,0.02093973903674772,0.011783264346201448,0.013691580042561506,0.01304486118789226,0.01128270812744122,0.19752558771702075,0.024198445698207713,0.05995918363748421,0.13078368619026792,0.32338720560031997
1565.6,0.0029531087917194624,0.00021313555042922839,0.021190674728609072,0.01039724462165715,0.013735352904661992,0.010054886738642065,0.0029492169460643603,0.17714265047150177,0.020742032953570626,0.052829894545957296,0.041797506967785315,0.3109131077428015
1566.0,0.0020274067243631153,0.00015686324694588584,0.02734403625734274,0.008849835927571627,0.013780603828915187,0.0027579242014784825,0.010562971231277708,0.04617303494432375,0.0034400743947472887,0.05596149727071631,0.05780765288979783,0.30067526246575704
1566.4,0.0008669817105458655,0.0001566911342048582,0.02590458754432544,0.00722887064051444,0.013827349622284588,0.006482830159515965,0.01767329768894363,0.0818933413661952,0.010237310135634637,0.06669956887579089,0.12730746603523688,0.2888113897752247
1566.8,0.001421179192190712,0.00020579381362492667,0.019913696361677006,0.00562514483689337,0.013875606871557226,0.013225225904539926,0.00948313184448695,0.20687994022307524,0.024491084027277257,0.07966399162574507,0.06539893035809763,0.2810134481059603
1567.2,0.0027375563874177367,0.00022142675778111159,0.022325235108884154,0.004127377856697461,0.013925393202324002,0.00877769568506312,0.0028900221922660875,0.152386822891909,0.014218574587038504,0.08939571461325954,0.02952522556585127,0.27144052063242097
1567.6000000000001,0.002584872501919442,0.00017555189252023987,0.027855165582875242,0.0028172769538775187,0.013976727181633945,0.0024347434388781006,0.011221150260321203,0.03354854170645855,0.0022095955396313977,0.09233163205927493,0.10887474112798423,0.2626294078258476
1567.9999999999998,0.0012210782882054495,0.00013615185973696786,0.024421731131787233,0.001764961130701561,0.01402962761234836,0.007494946638105269,0.01668480343032031,0.10660092809815983,0.014318547825203488,0.08746816355967584,0.09075735858372529,0.2571362973006332
1568.3999999999999,0.0009353369669618701,0.00015892330743758542,0.019364550615108354,0.0010250037210937446,0.01408411442542974,0.013165628635585227,0.008002743560096249,0.20852200202888238,0.022454566925679084,0.07616551598443912,0.02005534096358946,0.2478877691444276
1568.8000000000002,0.002194296850240946,0.00020189211227649456,0.023608861654582,0.0006333423859389102,0.014140208210414685,0.007547013356019484,0.002985560284129279,0.128326423937358,0.00869377637854478,0.061605321272232005,0.07721223849678052,0.24199421727933132
1569.2,0.0028662232725844843,0.00019355981772289205,0.027895673882334937,0.0006052722865011507,0.0141979301923227,0.002357837203941992,0.011643985370105156,0.028979489873924485,0.003220771641734393,0.047986015772163174,0.1064590735144034,0.23733600413798464
1569.6,0.0018203264083291124,0.0001439029856262152,0.022887557950745856,0.0009346807267144507,0.014257302620646761,0.008450789341792686,0.015661888269930396,0.12853732782687466,0.01720750873598488,0.03932054549160239,0.03326359362171801,0.2288018122406828
1570.0,0.000809331518611039,0.0001260814661252002,0.019295833432456593,0.0015946012663479287,0.01431834840263584,0.012900761025579572,0.0068119020163389336,0.20470211972224556,0.018951595939287615,0.03798116211506354,0.041766937927027264,0.22493340146434004
1570.3999999999999,0.0015172384314966997,0.00016188913227213513,0.024872387570915692,0.0025390687426684877,0.014381091317529852,0.006405117065191282,0.0031531993925563526,0.10660630417670786,0.0047794156625755565,0.043674475578861,0.10445258692689299,0.22081309983449274
1570.7999999999997,0.0027424320600160338,0.00019022128884867113,0.027495138759640977,0.0037061543896798003,0.014445556072280808,0.002488311723924756,0.011861719958479336,0.030510926517921647,0.005497577807489805,0.053594056565770626,0.060306483681063845,0.21302682524968872
1571.1999999999998,0.0024255368923036032,0.00016367809665058042,0.021452852886766537,0.0050219651395311486,0.01451176816189093,0.009314173838455845,0.014665253275481781,0.14638563004672164,0.01856597536008751,0.06372491686311138,0.018247556479599733,0.21036745365123316
1571.6,0.0010971557371975973,0.00012054546447229682,0.01965617543364934,0.006405315770035472,0.01457975405637735,0.01246935676187738,0.005871501951294656,0.1974404563988327,0.014849499206454942,0.07044534071530671,0.08317157986137833,0.20697721145314787
1572.0,0.0009694149200566171,0.00012314386721544888,0.02597843456673814,0.0077727364911235235,0.014649541143959114,0.005380908835299046,0.0033348851309390956,0.08810678380145824,0.0025909738534419485,0.07159771213244012,0.08518921935603842,0.19975064659326877
1572.3999999999999,0.0022422778543619193,0.00016182293106295161,0.026726382592070275,0.009043466690612324,0.01472115774784008,0.0027846577462384346,0.011910024652026579,0.03600369610603524,0.008170611626941084,0.06683057009170505,0.018913409819296605,0.19764714454034843
1572.8,0.002778753722887915,0.00017234300292448307,0.020233789975471008,0.010144107137072299,0.014794633215507584,0.010062268203494821,0.013734821006814144,0.15993136412216455,0.018472531440948785,0.05744991847064787,0.04991268243273515,0.19528437244944546
1573.2,0.0016834588090472004,0.00013574526117569812,0.020357124327549166,0.011012652157271046,0.014869997881982356,0.011910697879829246,0.0051405640993853335,0.18837836560756266,0.010847452344479912,0.046007489246062815,0.09436312747354511,0.18850177440393928
1573.6,0.0007774883219068448,0.00010549612162376551,0.026831209157086262,0.011601690922655623,0.01494728313636605,0.00449136062474749,0.00349255245970357,0.07310864411275465,0.001908432656012421,0.03566500550594758,0.04108528977977937,0.18633675862137863
1573.9999999999998,0.001557631989198868,0.00012352533389347136,0.02568708389568358,0.011880642492190749,0.01502652145025261,0.0032060595049045976,0.01182396503981829,0.043542419506195223,0.010611816682819937,0.02931154974034781,0.020837573070641564,0.18520634130754404
1574.3999999999999,0.002712453052405117,0.00015699786227820297,0.019306018366711773,0.011836963040884423,0.015107746390793226,0.01068355898889152,0.012894234109442121,0.16957296484018083,0.01723648246969565,0.028591235685061004,0.0823027085142791,0.17902561510865223
1574.7999999999997,0.0023165771102938233,0.0001509300312413856,0.021291645029418098,0.011476328586816456,0.015190992678324525,0.011262093231806729,0.004580875870145906,0.17876216239661757,0.00741066250902353,0.03326316635330408,0.06859501078759361,0.1761918577209601
1575.2,0.001027564269629094,0.00011232017951335277,0.02737797900598452,0.010821848581061569,0.015276296205325062,0.0037433986974897515,0.003603415337998132,0.06147152220216782,0.002342834000333504,0.04130665710285164,0.012821550761072085,0.1762140061036399
1575.6,0.0009754164153267437,9.72037870716952e-05,0.024483318010696833,0.009912404203752227,0.015363694077965943,0.003714716811963635,0.01163461336858643,0.051629236984100275,0.012456273339922656,0.04975853178143112,0.05368078452256686,0.1711234845620977
1575.9999999999998,0.002234143792894966,0.00012408093928017262,0.01870512629320348,0.008800231889807565,0.015453224658274154,0.011175604176447152,0.012155062999762298,0.17597218688368776,0.015250627639124608,0.05580520337100814,0.08424878545598519,0.16719316067971673
1576.3999999999999,0.002707696867188859,0.0001474070839950097,0.022350391953176594,0.007547890739437189,0.015544927596821367,0.010557213981548757,0.004159458582844139,0.1694844311785967,0.004775634726101318,0.0576083763640707,0.02919456713317711,0.1678277498635222
1576.8,0.0016120613834551545,0.0001287555238538939,0.027604603647554463,0.006224765645665257,0.01563884388074006,0.0031359521553796827,0.0036558001354499554,0.052803476873804274,0.003468778920871574,0.05466116257034031,0.023457263341872134,0.16448199174035644
1577.1999999999998,0.0007549014302290546,9.444320249044892e-05,0.023216572063420992,0.0049032691289662205,0.015735015873965034,0.004277292279334298,0.011367474503559679,0.05921390269044512,0.013561000867172789,0.04775925707754699,0.07908008454768707,0.15951574309195957
1577.6,0.001541562971228401,9.341904217292033e-05,0.018431704638611233,0.0036549155513186174,0.015833487362949494,0.011542825031859072,0.011520338486979854,0.1798402065967994,0.012893501739157572,0.03872943928786623,0.05625244795294163,0.1597668417593469
1578.0,0.0026609118700343048,0.00012278237742941245,0.023434042453439826,0.0025464513656963707,0.01593430360550677,0.009825140342992141,0.003849552630642356,0.161146262325812,0.0029945732743537155,0.029975635887927874,0.01014717224574952,0.1585728354015663
1578.4,0.0022614282136642315,0.00013415276291826,0.02752764291436352,0.001636232371975991,0.0160375113783983,0.0026619630932276836,0.003645793240908884,0.04660346587185771,0.004909020512094165,0.023853002372550457,0.05522521729373175,0.1533462467007693
1578.8000000000002,0.0010016198291502654,0.00010804122446340756,0.02197476397315549,0.0009710402895203899,0.01614315903038797,0.004865639664543574,0.011042073015015764,0.06563209394011617,0.013940435888916351,0.02195754528422251,0.07547306027169168,0.15212721097146403
1579.1999999999998,0.000947522269297921,8.192586493473917e-05,0.0184591334873593,0.0005835224324320829,0.016251296535472554,0.011794495462634934,0.01098728888586097,0.1818224773916147,0.010475739429669804,0.024572519560988375,0.021308842425367926,0.15274400214223993
1579.6,0.0021766869240368164,9.190012115149184e-05,0.02446112386225804,0.0004904164064101602,0.01636197554920771,0.009089967007295748,0.003630665894411403,0.15412260160561084,0.001994013178208499,0.03056125823402394,0.02576858501969489,0.14857991805936424
1580.0,0.002658435706896525,0.00011873890824155468,0.027185195154815645,0.0006916845132650219,0.016475249467782793,0.0023102224572754465,0.0035747406139310734,0.04236730203911367,0.006374966939122928,0.03780280866352312,0.07551798223819628,0.1454022649883279
1580.3999999999999,0.0016013607009267479,0.00011881427153979474,0.020827105914699624,0.0011706302564665726,0.016591173489031212,0.005456981677594137,0.01067223016799862,0.07051076149132521,0.013702748825596535,0.04395435713530265,0.04656493173878416,0.1465450742446403
1580.8,0.0007363753252549414,9.018056777285005e-05,0.018742388704735304,0.001895005081207365,0.016709804676848045,0.011943014261649761,0.01054931045232507,0.1824457581483068,0.008219688431135245,0.0471765075793404,0.009079240578081132,0.14461207452554542
1581.2,0.0014716001234133856,7.380854905846514e-05,0.025371641728472272,0.002819042995088722,0.016831202028030217,0.008370822957531754,0.003488077152574572,0.14862174933094918,0.0016310011692704438,0.046574052171812715,0.05625805892229827,0.14017102431564232
1581.6,0.002591100940145826,9.084910949316766e-05,0.026628024687618154,0.0038862916037288955,0.01695542654232548,0.0020669524707224696,0.003447516690280079,0.03965677543532148,0.007675046558957451,0.04231575136881173,0.06779016970942432,0.14011544019754402
1582.0,0.0022573482609500256,0.00011196026404669418,0.019822242816521153,0.00503304852386661,0.017082541295631328,0.006033696619014852,0.010266716583321709,0.07367628013053114,0.012998351062028582,0.03551213342843526,0.015407246025817877,0.14050442995043985
1582.3999999999999,0.0010165344962875307,0.0001029554021732437,0.019226520975732582,0.006192169301892858,0.017212611516428365,0.012002492281066653,0.010197273519498253,0.18210048202075757,0.006260892027286302,0.027923345712473065,0.02849833485480087,0.13653587448470678
1582.8,0.0008884965034086245,7.574905927703094e-05,0.02612734113957333,0.007296991719573544,0.01734570466580137,0.007682178218169063,0.00341205192627395,0.14473448572984202,0.0017379183307080239,0.021527157161829378,0.07227815815003172,0.1342579208418276
1583.2,0.0020717754463294605,6.88092946267077e-05,0.02591193416517173,0.008285123340336252,0.01748189052103527,0.0019171015199368987,0.003271429416969887,0.03813775370365119,0.008703995296069737,0.01798790940933862,0.03798343264658946,0.13557906218299878
1583.5999999999997,0.0026264837682081215,8.90868585148546e-05,0.01898890102744143,0.009101862583817233,0.017621241263106175,0.006582851985891969,0.009830089044937446,0.07508180823360777,0.011983740742846496,0.018148273972613045,0.00929154848480804,0.1337641505724026
1584.0,0.001648146476539468,0.0001030222848382441,0.019853899393030887,0.009703063932620878,0.017763831568190138,0.011987650548270395,0.009920294467533066,0.18104130438828,0.0046617241859374684,0.021742571147588433,0.05784416967657461,0.1299042292828205
1584.4000000000003,0.0007269344925215308,8.782647528118348e-05,0.026709632552769175,0.01005730876036295,0.01790973870342202,0.0070343309756412285,0.003396922891247079,0.14247086413536195,0.002153113351883323,0.027489421585850157,0.060337343470245615,0.13005362219270564
1584.8,0.0013523817720769366,6.468118695389594e-05,0.02509183429179994,0.010147297993672122,0.018059042627126144,0.0018453504675288205,0.0030556160144978944,0.03759539039934664,0.00942361480392364,0.03354155864676908,0.01050497379418124,0.1306246042722813
1585.1999999999998,0.0024971463417999547,6.566586714458564e-05,0.018338241047015244,0.009970435445695447,0.018211826093737307,0.007095596667313622,0.009363609117283716,0.07475832637008561,0.010799495379438927,0.038085606256679505,0.03261867679397051,0.12722372248585595
1585.6,0.0022963561610058482,8.603516960799864e-05,0.02056974636018308,0.009538616892246997,0.018368174763670756,0.01191300314640652,0.009706106973127156,0.17939584919780302,0.0034298904570206697,0.03984696018502498,0.06919555038201973,0.12505521742818734
1586.0,0.0010765514288903586,9.274962255280225e-05,0.02711617529278038,0.008877277529175972,0.018528177318391587,0.006433990326263433,0.0034401112019711117,0.14178438163020055,0.002738390999281199,0.03836423644551112,0.02924869074739472,0.12635568202370615
1586.3999999999999,0.0008089232367081287,7.424612049685476e-05,0.024217598021113108,0.008023778998843444,0.018691925580962852,0.0018368514957320815,0.0028107896341850883,0.03793396199330585,0.009842023644568354,0.03402911867464296,0.011366201008809087,0.12522072166024367
1586.8,0.0019174539531703575,5.650612013502746e-05,0.017867171187167557,0.007025237824218127,0.018859514642363892,0.0075664963602927685,0.00886620158879898,0.07278803626474438,0.00955942544992189,0.02794622778141029,0.060428102166267914,0.1216966600271658
1587.1999999999998,0.002598317268029449,6.334117566906401e-05,0.021325854820587263,0.005935911781074235,0.01903104299388432,0.011792286868732637,0.009541158924137056,0.17717649122539447,0.0025369779429694535,0.021659028275931164,0.051852490053778684,0.12146569661737458
1587.6,0.0017493726726977698,8.159005199013588e-05,0.027356936943110022,0.004814271540639143,0.01920661266592419,0.005884890634047079,0.0035411153546050797,0.1425843494948803,0.0033862651896963383,0.0167713643149046,0.006627503489481424,0.12245428616381619
1587.9999999999998,0.0007405488212648778,8.197585320426665e-05,0.023331553052021177,0.0037198934218418216,0.01938632937354419,0.0018777335335827625,0.0025492079221167718,0.03916672439413122,0.009995285220524423,0.014517495145627146,0.03910115812214673,0.1198965002128377
1588.4,0.0011921625345642668,6.261275236410476e-05,0.017562005058851308,0.0027103160029073163,0.019570302669135654,0.007992872281317377,0.008335447602074487,0.06929670621842053,0.008347556456534429,0.015392372222048091,0.06524539818777658,0.11741352557836711
1588.7999999999997,0.002365968252734574,5.056822419840448e-05,0.022082638626778058,0.00183800827232507,0.01975864610259716,0.011638095167779335,0.009410552369124487,0.17429317548081885,0.0019343573055246902,0.018988534809749113,0.019615388451914996,0.11840776227668946
1589.2,0.0023638692650196458,6.110632495143111e-05,0.027450320608828817,0.0011475985484156695,0.019951477389434633,0.0053883919049447435,0.003700466175056976,0.14473799857183933,0.004020307625967056,0.024130441450968276,0.016745707392145422,0.11825249203801778
1589.5999999999997,0.0011901330328889256,7.595761939112731e-05,0.022467340437043317,0.0006735094605336002,0.020148918587219906,0.001955414125872801,0.0022847440777508986,0.04139872192923711,0.009933032692475089,0.029260756917307736,0.0635048078690886,0.11515612323685868
1590.0,0.0007278978554276955,7.13975015498745e-05,0.01740200098322196,0.0004381325675478536,0.020351096280875502,0.00837418257468774,0.007768625111009549,0.06446108757517556,0.007219976037948743,0.032914786482228564,0.040725224243889996,0.11413317819211133
1590.3999999999999,0.0017114945432488344,5.298898201347284e-05,0.022809817513704693,0.00045065483517339625,0.02055814177727877,0.011461674282407736,0.009297937130336815,0.17056742797826693,0.0015653330863623124,0.034107530203316895,0.005311680469074092,0.1153820153583686
1590.8,0.0025518072180516567,4.619435739877424e-05,0.0274197320977582,0.000706617417466505,0.020770191309710844,0.004944036100951727,0.003918636318317914,0.1480642946874931,0.004591524675184226,0.032539027000545645,0.04842349257272555,0.11399439772017006
1591.1999999999998,0.0018982488874548942,5.853606565922132e-05,0.021649819544344705,0.001188245761369392,0.02098738625270437,0.0020587582724064966,0.0020329469219003667,0.04480345735629773,0.009708313073863618,0.02861425296739628,0.05815885303429841,0.1112245329582399
1591.6,0.000798140817070081,6.950070530095879e-05,0.017362479038324198,0.001865541513298644,0.02120987334788628,0.00871146946283398,0.0071638110873258574,0.05852734888129335,0.006209230784076276,0.023315512847347755,0.009743170991186238,0.11144595011116831
1592.0,0.0010064802176130787,6.151098564507516e-05,0.023486095498909718,0.00269807519149236,0.021437804941440132,0.011272842742255028,0.009185465406233276,0.165749300497489,0.0013734848229059963,0.017963406054710383,0.02752658000676266,0.11221030519978309
1592.4,0.0021809147729837,4.5211739627322284e-05,0.027290776180888196,0.0036373692915126327,0.021671339233858354,0.0045500417586722,0.004194897477692541,0.15232173077063857,0.005072968175471221,0.01389655079452477,0.0646686106240105,0.10997960033844127
1592.7999999999997,0.002436058414270529,4.279804377507826e-05,0.020895704405935307,0.004629719829173052,0.021910640542692518,0.002178122078067111,0.001810979343810068,0.04959313602802868,0.00937114134595754,0.012120463583083952,0.025703918259276766,0.1080611508560984
1593.1999999999998,0.0013648774595351385,5.545445127890421e-05,0.01741735235573693,0.005619274978896352,0.022155879579058405,0.009006882957463023,0.006521047486104892,0.051835816116978815,0.005329642376742918,0.013016553811319189,0.010430493868505615,0.10900109432267795
1593.5999999999997,0.0006738493634165766,6.262072782940267e-05,0.02409818147006943,0.0065511755467948275,0.022407233738695142,0.011080000337240907,0.009053913671856076,0.1595402661988201,0.001307718986867111,0.016221073702937207,0.059007832524689705,0.10893896067015839
1594.0,0.0014573285576767513,5.260919486185163e-05,0.027089135829330122,0.007374564532379468,0.022664887408434586,0.004203728768746474,0.00452613635206995,0.15719261684204305,0.005454036717444678,0.020738456962060444,0.04434682724755877,0.10640754553155758
1594.3999999999999,0.002457741282745761,3.8996570502600094e-05,0.02021465267186648,0.008045290782474807,0.02292903228898631,0.0023053144462786314,0.0016373270725361106,0.05598197832994667,0.00896496727153782,0.025253068518538434,0.004001538530809828,0.10548186607632865
1594.7999999999997,0.0020784595426571258,3.992792392888562e-05,0.017541022228189627,0.008528161664407292,0.023199867735002766,0.009263283330709292,0.005843547433694754,0.04484586163748126,0.004582513407091395,0.028515764675402646,0.044591270023051334,0.10659398848948853
1595.1999999999998,0.0009234441756550964,5.186179238977994e-05,0.024639450270095172,0.008798637533569968,0.023477601113454236,0.010890198139088633,0.008883076434076065,0.15162609323883494,0.0013247837404845482,0.02966863379136464,0.05825611155573094,0.10570585304825045
1595.6,0.0008226496677006526,5.568132163596414e-05,0.02683909889720582,0.008843901934904563,0.02376244818140048,0.003901872026014526,0.0049056696616255595,0.16226670800800735,0.005735301706688666,0.02842728160770148,0.009167339327395137,0.10334358320353933
1595.9999999999995,0.0019281629282165912,4.481289389378026e-05,0.019610580229962052,0.00866328177726788,0.024054633484323885,0.002433504599897828,0.0015311764990963313,0.06414280949412804,0.00852522957747164,0.02510894091154335,0.0272857714287327,0.10327567796895512
1596.3999999999999,0.002477774715915417,3.4019798677905984e-05,0.01770966747087774,0.008268027981754245,0.02435439077626333,0.009483918878863929,0.005138880569265985,0.03815270648785402,0.003960661693723326,0.02053220184572342,0.06399666184146342,0.10415527496710061
1596.8000000000002,0.001599754046286718,3.727555512299127e-05,0.02510847446321135,0.007680497458036932,0.024661963463053275,0.010709246641072527,0.008652529308818442,0.1417242607305986,0.0013900102712337589,0.015818964068325274,0.02187064488820304,0.10264560356248843
1597.1999999999998,0.0006832704613750687,4.7863767836038673e-05,0.026562645316213003,0.006932801127773739,0.024977605070079557,0.0036409872808190026,0.005322137105289883,0.16702751034411706,0.005924241679408552,0.01212722713021148,0.012841911787422059,0.10075117824581512
1597.6,0.001171859062105716,4.8969253695683905e-05,0.019083030865281694,0.006065000554181056,0.02530157973603248,0.0025570976719308464,0.0015113769128608744,0.0741585455589845,0.008079275495365424,0.010357257395965942,0.06174978490913923,0.10127268089069313
1598.0,0.002284643593032922,3.811654756820342e-05,0.017902008734251844,0.005122948655921349,0.0256341627342391,0.009672172136976704,0.0044200292693000656,0.03248592271989244,0.003452052889153131,0.01090210261016817,0.03662073410891017,0.10170137860125064
1598.3999999999999,0.0022580088916308774,2.9973785162714985e-05,0.025507587313781926,0.004155879275723717,0.025975641023265102,0.010541844157491298,0.008342840543606662,0.12964996283457186,0.0014769392890812876,0.013528613660988677,0.004689942470565616,0.0998458705787219
1598.7999999999997,0.0011350170522132197,3.46586020695066e-05,0.026278984861290378,0.003213857114042393,0.026326313828570116,0.003417555344175955,0.0057585958955240915,0.17084545103013626,0.0060319773425391125,0.017445558781351306,0.05390620244377966,0.09854174584208908
1599.1999999999996,0.0006826612799474513,4.361380004369213e-05,0.01862848371060729,0.0023452042777820418,0.026686493257122045,0.0026715954442368796,0.0015949350649355422,0.08597185723377108,0.007647076686922003,0.02154219971460542,0.049343099735355576,0.09936556276978539
1599.6000000000001,0.0016066505900695508,4.268318437548757e-05,0.018099653055606336,0.0015940223107218118,0.02705650494699353,0.009831366022270069,0.003706155330660117,0.028678913265440694,0.003042511986407546,0.02470825729341941,0.003167674114733435,0.0992852102600821
1600.0,0.0024439889221722372,3.243465204403938e-05,0.025841575998444343,0.0009979282840349752,0.0274366887540874,0.010391712090992366,0.007937273775440706,0.11540211025903045,0.0015663418661015839,0.026123726060645138,0.04361151203982079,0.09734074892451913
