Lambda,DC,w,w_c,N,Fitness,generation,fitness_strategy
3.3091270994311033e-07,0.5303509538872282,4.08673829209638e-07,3.269390633677104e-07,370,0.02127108791059711,1,reflection_band
2.6804568540984704e-07,0.576952281792662,5.033467353283044e-07,1.5557034730948336e-07,195,0.26644288146369133,1,reflection_band
3.4182198898772325e-07,0.4340547634291425,6e-07,3.235561324989819e-07,122,0.15373302089254584,1,reflection_band
2.6804568540984704e-07,0.5916454871309893,5.033467353283044e-07,1.5557034730948336e-07,195,0.2680413509474343,2,reflection_band
2.6804568540984704e-07,0.576952281792662,5.033467353283044e-07,1.5557034730948336e-07,195,0.26644288146369133,2,reflection_band
2.6804568540984704e-07,0.576952281792662,5.033467353283044e-07,1.5557034730948336e-07,195,0.26644288146369133,2,reflection_band
